"Date";"Open";"High";"Low";"Close";"Change, %"
"2009-01-01";"13.601";"13.86";"13.601";"13.86";"0.00"
"2009-01-02";"13.7085";"13.9091";"13.6128";"13.6997";"-1.16"
"2009-01-05";"13.6878";"13.8038";"13.4138";"13.4537";"-1.80"
"2009-01-06";"13.435";"13.5508";"13.22";"13.3625";"-0.68"
"2009-01-07";"13.36";"13.496";"13.2975";"13.4845";"+0.91"
"2009-01-08";"13.4422";"13.6922";"13.3882";"13.6463";"+1.20"
"2009-01-09";"13.6825";"13.7873";"13.5625";"13.6375";"-0.06"
"2009-01-12";"13.5862";"13.8384";"13.5563";"13.7837";"+1.07"
"2009-01-13";"13.777";"13.9087";"13.7195";"13.8149";"+0.23"
"2009-01-14";"13.8117";"14.1923";"13.7597";"14.1013";"+2.07"
"2009-01-15";"14.121";"14.3432";"13.886";"13.945";"-1.11"
"2009-01-16";"13.945";"13.974";"13.6525";"13.8925";"-0.38"
"2009-01-19";"13.8649";"14.0288";"13.8023";"13.8622";"-0.22"
"2009-01-20";"13.89";"14.1235";"13.84";"14.0435";"+1.31"
"2009-01-21";"14.0144";"14.047";"13.782";"13.798";"-1.75"
"2009-01-22";"13.7727";"14.1213";"13.6825";"14.0525";"+1.84"
"2009-01-23";"14.076";"14.2509";"13.9599";"14.01";"-0.30"
"2009-01-26";"14.0424";"14.1825";"13.8825";"14.0725";"+0.45"
"2009-01-27";"14.0793";"14.2818";"13.9325";"14.22";"+1.05"
"2009-01-28";"14.2329";"14.2629";"13.9769";"14.0404";"-1.26"
"2009-01-29";"14.01";"14.2418";"13.9825";"14.1875";"+1.05"
"2009-01-30";"14.19";"14.4625";"14.153";"14.342";"+1.09"
"2009-02-02";"14.2825";"14.5745";"14.2225";"14.4568";"+0.80"
"2009-02-03";"14.4375";"14.6441";"14.4125";"14.5763";"+0.83"
"2009-02-04";"14.5753";"14.7115";"14.377";"14.483";"-0.64"
"2009-02-05";"14.4535";"14.4895";"14.2245";"14.355";"-0.88"
"2009-02-06";"14.3535";"14.372";"14.091";"14.1948";"-1.12"
"2009-02-09";"14.0845";"14.2375";"14.0555";"14.2126";"+0.13"
"2009-02-10";"14.2056";"14.5714";"14.1055";"14.5455";"+2.34"
"2009-02-11";"14.5257";"14.6165";"14.4215";"14.5025";"-0.30"
"2009-02-12";"14.4685";"14.651";"14.461";"14.5025";"0.00"
"2009-02-13";"14.4575";"14.649";"14.31";"14.47";"-0.22"
"2009-02-16";"14.5185";"14.632";"14.4419";"14.5035";"+0.23"
"2009-02-17";"14.5023";"14.7498";"14.4723";"14.7097";"+1.42"
"2009-02-18";"14.725";"14.729";"14.56";"14.625";"-0.58"
"2009-02-19";"14.6102";"14.7745";"14.451";"14.7513";"+0.86"
"2009-02-20";"14.758";"14.9868";"14.6525";"14.785";"+0.23"
"2009-02-23";"14.7239";"14.9679";"14.6519";"14.9261";"+0.95"
"2009-02-24";"14.945";"14.976";"14.7525";"14.8363";"-0.60"
"2009-02-25";"14.8289";"14.9615";"14.7755";"14.935";"+0.67"
"2009-02-26";"14.9575";"15.0173";"14.8525";"14.9875";"+0.35"
"2009-02-27";"14.9578";"15.2775";"14.926";"15.2475";"+1.73"
"2009-03-02";"15.186";"15.5056";"15.186";"15.4393";"+1.26"
"2009-03-03";"15.4284";"15.4335";"15.2145";"15.3745";"-0.42"
"2009-03-04";"15.33";"15.382";"15.121";"15.2358";"-0.90"
"2009-03-05";"15.2185";"15.4651";"15.1885";"15.3925";"+1.03"
"2009-03-06";"15.3825";"15.4088";"15.1527";"15.2025";"-1.23"
"2009-03-09";"15.135";"15.594";"15.125";"15.56";"+2.35"
"2009-03-10";"15.5425";"15.5675";"15.2025";"15.2575";"-1.94"
"2009-03-11";"15.2613";"15.33";"15.022";"15.098";"-1.05"
"2009-03-12";"15.0785";"15.196";"14.6025";"14.715";"-2.54"
"2009-03-13";"14.7";"14.733";"14.435";"14.5513";"-1.11"
"2009-03-16";"14.47";"14.5643";"13.9648";"14.2525";"-2.05"
"2009-03-17";"14.2398";"14.2631";"13.965";"13.99";"-1.84"
"2009-03-18";"14.015";"14.19";"13.7662";"13.9588";"-0.22"
"2009-03-19";"13.9287";"14.2925";"13.6765";"14.2525";"+2.10"
"2009-03-20";"14.2688";"14.3072";"13.9757";"14.1813";"-0.50"
"2009-03-23";"14.0525";"14.4129";"13.932";"14.2748";"+0.66"
"2009-03-24";"14.23";"14.3825";"14.205";"14.365";"+0.63"
"2009-03-25";"14.34";"14.4211";"14.165";"14.2358";"-0.90"
"2009-03-26";"14.221";"14.2455";"14.0825";"14.1975";"-0.27"
"2009-03-27";"14.2152";"14.4125";"14.1752";"14.3325";"+0.95"
"2009-03-30";"14.29";"14.5707";"14.2725";"14.285";"-0.33"
"2009-03-31";"14.289";"14.2948";"13.9993";"14.19";"-0.67"
"2009-04-01";"14.163";"14.211";"13.8462";"13.9035";"-2.02"
"2009-04-02";"13.872";"13.975";"13.6818";"13.731";"-1.24"
"2009-04-03";"13.7577";"13.8513";"13.5207";"13.5563";"-1.27"
"2009-04-06";"13.5925";"13.6765";"13.4675";"13.615";"+0.43"
"2009-04-07";"13.61";"13.92";"13.4551";"13.4803";"-0.99"
"2009-04-08";"13.4755";"13.6542";"13.3215";"13.37";"-0.82"
"2009-04-09";"13.35";"13.39";"13.051";"13.1055";"-1.98"
"2009-04-10";"13.2072";"13.2367";"13.0972";"13.1032";"-0.02"
"2009-04-13";"13.0626";"13.1585";"13.051";"13.1088";"+0.04"
"2009-04-14";"13.0955";"13.228";"13.053";"13.227";"+0.90"
"2009-04-15";"13.2212";"13.2766";"12.9989";"13.0162";"-1.59"
"2009-04-16";"13.0125";"13.159";"13.0005";"13.0875";"+0.55"
"2009-04-17";"13.076";"13.2125";"12.9732";"13.1345";"+0.36"
"2009-04-20";"13.0676";"13.435";"12.986";"13.4155";"+2.14"
"2009-04-21";"13.4115";"13.448";"12.9495";"13.17";"-1.83"
"2009-04-22";"13.1525";"13.2515";"13.0575";"13.25";"+0.61"
"2009-04-23";"13.255";"13.3618";"13.1525";"13.17";"-0.60"
"2009-04-24";"13.176";"13.3585";"13.0585";"13.3365";"+1.26"
"2009-04-27";"13.4815";"14.0825";"13.4815";"14.0425";"+5.29"
"2009-04-28";"14.0525";"14.1375";"13.7769";"13.8093";"-1.66"
"2009-04-29";"13.7515";"13.872";"13.5325";"13.7413";"-0.49"
"2009-04-30";"13.735";"13.9774";"13.672";"13.8388";"+0.71"
"2009-05-01";"13.8574";"13.9175";"13.7696";"13.8025";"-0.26"
"2009-05-04";"13.745";"13.831";"13.1884";"13.23";"-4.15"
"2009-05-05";"13.221";"13.3025";"13.1258";"13.28";"+0.38"
"2009-05-06";"13.2925";"13.3225";"13.1035";"13.125";"-1.17"
"2009-05-07";"13.1045";"13.247";"12.94";"13.16";"+0.27"
"2009-05-08";"13.1791";"13.1932";"13.0097";"13.0191";"-1.07"
"2009-05-11";"13.0274";"13.2925";"12.992";"13.2565";"+1.82"
"2009-05-12";"13.245";"13.3";"13.0975";"13.2263";"-0.23"
"2009-05-13";"13.2112";"13.395";"13.1612";"13.3425";"+0.88"
"2009-05-14";"13.3384";"13.387";"13.1825";"13.2125";"-0.97"
"2009-05-15";"13.2377";"13.3128";"13.168";"13.2675";"+0.42"
"2009-05-18";"13.2264";"13.2865";"12.9704";"13.0265";"-1.82"
"2009-05-19";"13.0265";"13.039";"12.8933";"12.9563";"-0.54"
"2009-05-20";"12.942";"13.0338";"12.816";"13.015";"+0.45"
"2009-05-21";"13.0185";"13.2023";"12.984";"13.1238";"+0.84"
"2009-05-22";"13.13";"13.221";"13.0854";"13.189";"+0.50"
"2009-05-25";"13.185";"13.2165";"13.0795";"13.1425";"-0.35"
"2009-05-26";"13.13";"13.25";"13.088";"13.17";"+0.21"
"2009-05-27";"13.151";"13.276";"13.1048";"13.27";"+0.76"
"2009-05-28";"13.2676";"13.2812";"13.1702";"13.2153";"-0.41"
"2009-05-29";"13.2025";"13.2225";"13.0338";"13.1325";"-0.63"
"2009-06-01";"13.1162";"13.2512";"12.9849";"13.2438";"+0.85"
"2009-06-02";"13.2535";"13.3139";"13.1455";"13.1723";"-0.54"
"2009-06-03";"13.1715";"13.3894";"13.15";"13.3385";"+1.26"
"2009-06-04";"13.326";"13.3835";"13.1575";"13.212";"-0.95"
"2009-06-05";"13.171";"13.3133";"13.1016";"13.3011";"+0.67"
"2009-06-08";"13.2414";"13.509";"13.2313";"13.4555";"+1.16"
"2009-06-09";"13.4505";"13.6215";"13.3792";"13.6081";"+1.13"
"2009-06-10";"13.6121";"13.719";"13.5262";"13.6";"-0.06"
"2009-06-11";"13.5715";"13.6775";"13.3125";"13.375";"-1.65"
"2009-06-12";"13.3661";"13.451";"13.359";"13.4058";"+0.23"
"2009-06-15";"13.3666";"13.5577";"13.3575";"13.3718";"-0.25"
"2009-06-16";"13.379";"13.506";"13.283";"13.4838";"+0.84"
"2009-06-17";"13.477";"13.5265";"13.34";"13.4528";"-0.23"
"2009-06-18";"13.4276";"13.475";"13.332";"13.395";"-0.43"
"2009-06-19";"13.3825";"13.4188";"13.2361";"13.3521";"-0.32"
"2009-06-22";"13.3609";"13.4748";"13.251";"13.305";"-0.35"
"2009-06-23";"13.2865";"13.3988";"13.2311";"13.3355";"+0.23"
"2009-06-24";"13.3445";"13.3525";"13.24";"13.2853";"-0.38"
"2009-06-25";"13.2975";"13.299";"13.1775";"13.2188";"-0.50"
"2009-06-26";"13.231";"13.255";"13.124";"13.2";"-0.14"
"2009-06-29";"13.2084";"13.2773";"13.14";"13.1805";"-0.15"
"2009-06-30";"13.177";"13.2053";"13.106";"13.187";"+0.05"
"2009-07-01";"13.1785";"13.1915";"13.0495";"13.125";"-0.47"
"2009-07-02";"13.15";"13.2867";"13.1035";"13.232";"+0.82"
"2009-07-03";"13.2686";"13.2835";"13.2";"13.22";"-0.09"
"2009-07-06";"13.2123";"13.3805";"13.2123";"13.2345";"+0.11"
"2009-07-07";"13.2325";"13.4145";"13.187";"13.41";"+1.33"
"2009-07-08";"13.4095";"13.6411";"13.378";"13.5255";"+0.86"
"2009-07-09";"13.5275";"13.633";"13.455";"13.5475";"+0.16"
"2009-07-10";"13.5558";"13.751";"13.518";"13.6888";"+1.04"
"2009-07-13";"13.6575";"13.847";"13.6575";"13.7145";"+0.19"
"2009-07-14";"13.7035";"13.833";"13.636";"13.733";"+0.13"
"2009-07-15";"13.7295";"13.7493";"13.516";"13.555";"-1.30"
"2009-07-16";"13.541";"13.641";"13.496";"13.5513";"-0.03"
"2009-07-17";"13.5433";"13.649";"13.3148";"13.3362";"-1.59"
"2009-07-20";"13.335";"13.364";"13.1925";"13.29";"-0.35"
"2009-07-21";"13.2922";"13.3741";"13.191";"13.3138";"+0.18"
"2009-07-22";"13.321";"13.346";"13.211";"13.25";"-0.48"
"2009-07-23";"13.2225";"13.2585";"13.1376";"13.245";"-0.04"
"2009-07-24";"13.2505";"13.2525";"13.1545";"13.205";"-0.30"
"2009-07-27";"13.1999";"13.2973";"13.1337";"13.2673";"+0.47"
"2009-07-28";"13.2785";"13.3185";"13.1895";"13.2125";"-0.41"
"2009-07-29";"13.2037";"13.3055";"13.1945";"13.2645";"+0.39"
"2009-07-30";"13.268";"13.284";"13.1795";"13.2575";"-0.05"
"2009-07-31";"13.236";"13.2627";"13.145";"13.174";"-0.63"
"2009-08-03";"13.2003";"13.2212";"13.0814";"13.1096";"-0.49"
"2009-08-04";"13.1035";"13.1737";"13.085";"13.13";"+0.16"
"2009-08-05";"13.1195";"13.1635";"12.9952";"13.0389";"-0.69"
"2009-08-06";"13.0319";"13.0743";"12.9329";"13.0435";"+0.04"
"2009-08-07";"13.021";"13.072";"12.8938";"12.956";"-0.67"
"2009-08-10";"12.9725";"12.9735";"12.864";"12.93";"-0.20"
"2009-08-11";"12.9288";"13.0537";"12.9005";"13.0215";"+0.71"
"2009-08-12";"13.0207";"13.1536";"12.9422";"12.955";"-0.51"
"2009-08-13";"12.9451";"12.9613";"12.7606";"12.864";"-0.70"
"2009-08-14";"12.8575";"12.9032";"12.7995";"12.8425";"-0.17"
"2009-08-17";"12.8564";"13.0785";"12.8554";"13.022";"+1.40"
"2009-08-18";"13.0228";"13.035";"12.9185";"12.9255";"-0.74"
"2009-08-19";"12.9115";"12.991";"12.8494";"12.8823";"-0.33"
"2009-08-20";"12.8762";"12.8995";"12.82";"12.8875";"+0.04"
"2009-08-21";"12.8785";"12.9135";"12.7797";"12.8325";"-0.43"
"2009-08-24";"12.7801";"12.941";"12.7612";"12.9275";"+0.74"
"2009-08-25";"12.9225";"13.01";"12.8376";"13.0075";"+0.62"
"2009-08-26";"13.0135";"13.205";"12.9817";"13.15";"+1.10"
"2009-08-27";"13.1643";"13.297";"13.1329";"13.2372";"+0.66"
"2009-08-28";"13.2267";"13.3018";"13.1693";"13.2553";"+0.14"
"2009-08-31";"13.2215";"13.368";"13.2205";"13.3623";"+0.81"
"2009-09-01";"13.3545";"13.6865";"13.3287";"13.678";"+2.36"
"2009-09-02";"13.6418";"13.7905";"13.558";"13.655";"-0.17"
"2009-09-03";"13.6377";"13.655";"13.499";"13.5375";"-0.86"
"2009-09-04";"13.5675";"13.62";"13.395";"13.4";"-1.02"
"2009-09-07";"13.389";"13.4225";"13.34";"13.355";"-0.34"
"2009-09-08";"13.351";"13.376";"13.238";"13.3565";"+0.01"
"2009-09-09";"13.3628";"13.4897";"13.3123";"13.4612";"+0.78"
"2009-09-10";"13.455";"13.5468";"13.3575";"13.368";"-0.69"
"2009-09-11";"13.406";"13.4458";"13.3185";"13.346";"-0.16"
"2009-09-14";"13.31";"13.534";"13.3063";"13.3655";"+0.15"
"2009-09-15";"13.3762";"13.3896";"13.2538";"13.2984";"-0.50"
"2009-09-16";"13.287";"13.3118";"13.1422";"13.1847";"-0.85"
"2009-09-17";"13.1764";"13.2933";"13.1382";"13.2733";"+0.67"
"2009-09-18";"13.279";"13.3015";"13.194";"13.281";"+0.06"
"2009-09-21";"13.2635";"13.41";"13.2029";"13.3853";"+0.79"
"2009-09-22";"13.3785";"13.409";"13.2615";"13.353";"-0.24"
"2009-09-23";"13.327";"13.4312";"13.255";"13.3728";"+0.15"
"2009-09-24";"13.375";"13.5555";"13.3255";"13.5115";"+1.04"
"2009-09-25";"13.5093";"13.613";"13.453";"13.5665";"+0.41"
"2009-09-28";"13.5395";"13.6075";"13.4745";"13.534";"-0.24"
"2009-09-29";"13.5452";"13.5947";"13.5053";"13.529";"-0.04"
"2009-09-30";"13.53";"13.5505";"13.4556";"13.501";"-0.21"
"2009-10-01";"13.4885";"13.7845";"13.4838";"13.7653";"+1.96"
"2009-10-02";"13.7572";"13.82";"13.5925";"13.6055";"-1.16"
"2009-10-05";"13.6045";"13.688";"13.5835";"13.6147";"+0.07"
"2009-10-06";"13.6132";"13.6202";"13.4459";"13.474";"-1.03"
"2009-10-07";"13.466";"13.5338";"13.3485";"13.3708";"-0.77"
"2009-10-08";"13.3783";"13.392";"13.204";"13.2495";"-0.91"
"2009-10-09";"13.24";"13.33";"13.2119";"13.2768";"+0.21"
"2009-10-12";"13.3068";"13.3277";"13.2018";"13.2297";"-0.35"
"2009-10-13";"13.21";"13.2475";"13.0997";"13.1118";"-0.89"
"2009-10-14";"13.1137";"13.1241";"13.0252";"13.0684";"-0.33"
"2009-10-15";"13.0762";"13.1406";"13.0477";"13.1";"+0.24"
"2009-10-16";"13.0842";"13.184";"13.0383";"13.104";"+0.03"
"2009-10-19";"13.0727";"13.1236";"12.931";"12.939";"-1.26"
"2009-10-20";"12.9365";"13.073";"12.7911";"13.038";"+0.77"
"2009-10-21";"13.0386";"13.0902";"12.8753";"12.9354";"-0.79"
"2009-10-22";"12.933";"13.0225";"12.8731";"12.89";"-0.35"
"2009-10-23";"12.8941";"13.0995";"12.8628";"13.0885";"+1.54"
"2009-10-26";"13.0454";"13.2987";"13.0236";"13.2917";"+1.55"
"2009-10-27";"13.2941";"13.3755";"13.21";"13.22";"-0.54"
"2009-10-28";"13.2282";"13.3369";"13.2224";"13.322";"+0.77"
"2009-10-29";"13.315";"13.3476";"12.981";"13.0738";"-1.86"
"2009-10-30";"13.0756";"13.2474";"12.9824";"13.22";"+1.12"
"2009-11-02";"13.2057";"13.3187";"13.0682";"13.2212";"+0.01"
"2009-11-03";"13.201";"13.4044";"13.19";"13.2675";"+0.35"
"2009-11-04";"13.2565";"13.3278";"13.2058";"13.2951";"+0.21"
"2009-11-05";"13.2937";"13.3896";"13.2289";"13.2983";"+0.02"
"2009-11-06";"13.2968";"13.4445";"13.2595";"13.4155";"+0.88"
"2009-11-09";"13.3521";"13.4431";"13.2356";"13.2698";"-1.09"
"2009-11-10";"13.2752";"13.3489";"13.1885";"13.2124";"-0.43"
"2009-11-11";"13.2089";"13.2163";"13.1037";"13.1638";"-0.37"
"2009-11-12";"13.1485";"13.268";"13.1195";"13.184";"+0.15"
"2009-11-13";"13.1945";"13.2075";"13.0113";"13.015";"-1.28"
"2009-11-16";"13.0155";"13.0504";"12.9475";"12.9923";"-0.17"
"2009-11-17";"12.9971";"13.1335";"12.9469";"13.0348";"+0.33"
"2009-11-18";"13.0408";"13.0839";"12.949";"13.0015";"-0.26"
"2009-11-19";"12.9956";"13.0883";"12.986";"13.0363";"+0.27"
"2009-11-20";"13.0658";"13.1266";"13.0316";"13.076";"+0.30"
"2009-11-23";"13.0345";"13.1144";"12.839";"12.9735";"-0.78"
"2009-11-24";"12.9625";"13.0248";"12.8679";"12.8882";"-0.66"
"2009-11-25";"12.8965";"12.9095";"12.7866";"12.8365";"-0.40"
"2009-11-26";"12.8528";"13.0571";"12.8322";"13.0087";"+1.34"
"2009-11-27";"12.972";"13.0972";"12.859";"12.9325";"-0.59"
"2009-11-30";"12.8835";"12.9839";"12.85";"12.936";"+0.03"
"2009-12-01";"12.9309";"12.9453";"12.815";"12.85";"-0.66"
"2009-12-02";"12.8584";"12.8737";"12.7112";"12.7263";"-0.96"
"2009-12-03";"12.719";"12.7245";"12.5555";"12.6125";"-0.89"
"2009-12-04";"12.6412";"12.7045";"12.4882";"12.6387";"+0.21"
"2009-12-07";"12.6285";"12.7368";"12.5827";"12.6888";"+0.40"
"2009-12-08";"12.6715";"12.988";"12.6485";"12.9221";"+1.84"
"2009-12-09";"12.9197";"13.0245";"12.8459";"12.9065";"-0.12"
"2009-12-10";"12.9033";"13.0124";"12.857";"12.9335";"+0.21"
"2009-12-11";"12.9465";"12.9539";"12.825";"12.8745";"-0.46"
"2009-12-14";"12.832";"12.9353";"12.729";"12.7432";"-1.02"
"2009-12-15";"12.7365";"12.825";"12.6491";"12.695";"-0.38"
"2009-12-16";"12.696";"12.7475";"12.6545";"12.6965";"+0.01"
"2009-12-17";"12.7145";"12.9967";"12.6965";"12.8562";"+1.26"
"2009-12-18";"12.8555";"12.9542";"12.8118";"12.8258";"-0.24"
"2009-12-21";"12.831";"12.9644";"12.7826";"12.9445";"+0.93"
"2009-12-22";"12.9265";"12.9746";"12.871";"12.899";"-0.35"
"2009-12-23";"12.8899";"12.9328";"12.8425";"12.9013";"+0.02"
"2009-12-24";"12.915";"12.925";"12.8595";"12.887";"-0.11"
"2009-12-25";"12.911";"12.911";"12.884";"12.893";"+0.05"
"2009-12-28";"12.8509";"13.0926";"12.8156";"13.015";"+0.95"
"2009-12-29";"13.048";"13.098";"12.9522";"13.0025";"-0.10"
"2009-12-30";"12.9925";"13.1015";"12.9903";"13.092";"+0.69"
"2009-12-31";"13.0653";"13.1447";"13.0395";"13.0636";"-0.22"
"2010-01-01";"13.1075";"13.1263";"13.0957";"13.0957";"+0.25"
"2010-01-04";"13.07";"13.071";"12.8638";"12.8795";"-1.65"
"2010-01-05";"12.8821";"12.8933";"12.769";"12.8169";"-0.49"
"2010-01-06";"12.809";"12.8475";"12.7155";"12.7363";"-0.63"
"2010-01-07";"12.7295";"12.7995";"12.7124";"12.7948";"+0.46"
"2010-01-08";"12.7892";"12.8093";"12.6762";"12.7007";"-0.74"
"2010-01-11";"12.6541";"12.7875";"12.5669";"12.733";"+0.25"
"2010-01-12";"12.7357";"12.8193";"12.6889";"12.7953";"+0.49"
"2010-01-13";"12.8075";"12.8235";"12.696";"12.708";"-0.68"
"2010-01-14";"12.7115";"12.7793";"12.6613";"12.665";"-0.34"
"2010-01-15";"12.6651";"12.7385";"12.653";"12.7028";"+0.30"
"2010-01-18";"12.6775";"12.732";"12.6402";"12.6553";"-0.37"
"2010-01-19";"12.6551";"12.744";"12.6162";"12.64";"-0.12"
"2010-01-20";"12.6414";"12.7858";"12.6303";"12.7492";"+0.86"
"2010-01-21";"12.7637";"12.9692";"12.6848";"12.9424";"+1.52"
"2010-01-22";"12.9524";"13.0158";"12.9015";"12.9913";"+0.38"
"2010-01-25";"12.9429";"12.954";"12.8447";"12.8682";"-0.95"
"2010-01-26";"12.8619";"12.9787";"12.7999";"12.8682";"0.00"
"2010-01-27";"12.875";"13.014";"12.8142";"12.968";"+0.78"
"2010-01-28";"12.9622";"13.086";"12.8839";"13.0743";"+0.82"
"2010-01-29";"13.0633";"13.105";"12.942";"13.099";"+0.19"
"2010-02-01";"13.073";"13.0957";"12.8685";"12.8807";"-1.67"
"2010-02-02";"12.8965";"12.9387";"12.8365";"12.8749";"-0.05"
"2010-02-03";"12.8676";"12.9784";"12.8194";"12.953";"+0.61"
"2010-02-04";"12.9563";"13.138";"12.9337";"13.1337";"+1.40"
"2010-02-05";"13.1639";"13.2529";"13.0985";"13.1445";"+0.08"
"2010-02-08";"13.1626";"13.2471";"13.1087";"13.2119";"+0.51"
"2010-02-09";"13.2065";"13.2325";"13.021";"13.038";"-1.32"
"2010-02-10";"13.013";"13.1308";"12.9662";"13.13";"+0.71"
"2010-02-11";"13.1371";"13.1375";"12.9306";"12.9452";"-1.41"
"2010-02-12";"12.939";"13.0599";"12.9168";"12.9363";"-0.07"
"2010-02-15";"12.92";"12.9806";"12.908";"12.9315";"-0.04"
"2010-02-16";"12.928";"12.9413";"12.8262";"12.8388";"-0.72"
"2010-02-17";"12.84";"12.9123";"12.8028";"12.8818";"+0.33"
"2010-02-18";"12.8842";"12.905";"12.8056";"12.8185";"-0.49"
"2010-02-19";"12.8588";"12.9297";"12.7848";"12.8062";"-0.10"
"2010-02-22";"12.787";"12.8266";"12.7428";"12.807";"+0.01"
"2010-02-23";"12.8054";"12.9351";"12.7604";"12.9191";"+0.88"
"2010-02-24";"12.925";"12.9365";"12.802";"12.8095";"-0.85"
"2010-02-25";"12.8095";"12.8961";"12.7845";"12.7955";"-0.11"
"2010-02-26";"12.7968";"12.818";"12.7301";"12.7733";"-0.17"
"2010-03-01";"12.7642";"12.776";"12.7151";"12.7455";"-0.22"
"2010-03-02";"12.741";"12.7628";"12.6905";"12.7423";"-0.03"
"2010-03-03";"12.7295";"12.746";"12.675";"12.6965";"-0.36"
"2010-03-04";"12.6945";"12.7325";"12.681";"12.7075";"+0.09"
"2010-03-05";"12.7065";"12.723";"12.6175";"12.6313";"-0.60"
"2010-03-08";"12.6458";"12.6925";"12.5955";"12.6855";"+0.43"
"2010-03-09";"12.6825";"12.7038";"12.6097";"12.622";"-0.50"
"2010-03-10";"12.6227";"12.646";"12.5855";"12.595";"-0.21"
"2010-03-11";"12.5951";"12.6415";"12.5605";"12.5645";"-0.24"
"2010-03-12";"12.557";"12.5854";"12.5226";"12.5388";"-0.20"
"2010-03-15";"12.518";"12.5834";"12.513";"12.5435";"+0.04"
"2010-03-16";"12.5468";"12.5581";"12.5121";"12.5224";"-0.17"
"2010-03-17";"12.5182";"12.529";"12.4314";"12.455";"-0.54"
"2010-03-18";"12.456";"12.538";"12.4251";"12.5212";"+0.53"
"2010-03-19";"12.5093";"12.6097";"12.4886";"12.587";"+0.53"
"2010-03-22";"12.5223";"12.7009";"12.5223";"12.531";"-0.44"
"2010-03-23";"12.5332";"12.562";"12.472";"12.483";"-0.38"
"2010-03-24";"12.4792";"12.5952";"12.4735";"12.5855";"+0.82"
"2010-03-25";"12.5782";"12.5902";"12.4749";"12.5581";"-0.22"
"2010-03-26";"12.552";"12.5603";"12.4808";"12.4945";"-0.51"
"2010-03-29";"12.4778";"12.4995";"12.4065";"12.446";"-0.39"
"2010-03-30";"12.4345";"12.437";"12.351";"12.3705";"-0.61"
"2010-03-31";"12.3582";"12.385";"12.29";"12.3777";"+0.06"
"2010-04-01";"12.3897";"12.4027";"12.3006";"12.31";"-0.55"
"2010-04-02";"12.3166";"12.349";"12.3003";"12.3135";"+0.03"
"2010-04-05";"12.276";"12.3015";"12.2185";"12.2355";"-0.63"
"2010-04-06";"12.2202";"12.2864";"12.21";"12.218";"-0.14"
"2010-04-07";"12.2166";"12.3299";"12.205";"12.2955";"+0.63"
"2010-04-08";"12.3007";"12.3387";"12.207";"12.2146";"-0.66"
"2010-04-09";"12.2084";"12.2445";"12.1795";"12.1795";"-0.29"
"2010-04-12";"12.193";"12.2307";"12.1462";"12.1588";"-0.17"
"2010-04-13";"12.1424";"12.2401";"12.1414";"12.1854";"+0.22"
"2010-04-14";"12.1832";"12.2227";"12.1445";"12.2005";"+0.12"
"2010-04-15";"12.1867";"12.2715";"12.153";"12.1687";"-0.26"
"2010-04-16";"12.1667";"12.3322";"12.1418";"12.2795";"+0.91"
"2010-04-19";"12.2708";"12.3596";"12.2302";"12.238";"-0.34"
"2010-04-20";"12.2452";"12.2605";"12.1987";"12.2225";"-0.13"
"2010-04-21";"12.2278";"12.2308";"12.1595";"12.1775";"-0.37"
"2010-04-22";"12.179";"12.2814";"12.1645";"12.209";"+0.26"
"2010-04-23";"12.205";"12.2418";"12.1703";"12.1813";"-0.23"
"2010-04-26";"12.1768";"12.195";"12.129";"12.1522";"-0.24"
"2010-04-27";"12.1506";"12.3995";"12.1375";"12.3775";"+1.85"
"2010-04-28";"12.382";"12.4632";"12.2804";"12.3375";"-0.32"
"2010-04-29";"12.3432";"12.3705";"12.177";"12.1985";"-1.13"
"2010-04-30";"12.191";"12.317";"12.163";"12.305";"+0.87"
"2010-05-03";"12.2787";"12.3215";"12.228";"12.2625";"-0.35"
"2010-05-04";"12.2572";"12.5529";"12.2465";"12.5399";"+2.26"
"2010-05-05";"12.544";"12.765";"12.4929";"12.755";"+1.72"
"2010-05-06";"12.7398";"13.3148";"12.671";"13.0338";"+2.19"
"2010-05-07";"12.9985";"13.1165";"12.769";"12.8602";"-1.33"
"2010-05-10";"12.725";"12.7922";"12.45";"12.474";"-3.00"
"2010-05-11";"12.4713";"12.5961";"12.4452";"12.5188";"+0.36"
"2010-05-12";"12.5095";"12.5673";"12.347";"12.3575";"-1.29"
"2010-05-13";"12.3545";"12.4413";"12.324";"12.4275";"+0.57"
"2010-05-14";"12.4137";"12.6615";"12.3938";"12.605";"+1.43"
"2010-05-17";"12.5928";"12.854";"12.5556";"12.584";"-0.17"
"2010-05-18";"12.576";"12.7944";"12.5084";"12.768";"+1.46"
"2010-05-19";"12.7825";"12.9819";"12.716";"12.8251";"+0.45"
"2010-05-20";"12.8283";"13.2286";"12.7775";"13.145";"+2.49"
"2010-05-21";"13.152";"13.2058";"12.929";"12.9505";"-1.48"
"2010-05-24";"12.9315";"13.0658";"12.8685";"13.0262";"+0.58"
"2010-05-25";"13.014";"13.3842";"12.9817";"12.9989";"-0.21"
"2010-05-26";"13.0115";"13.1455";"12.9297";"13.1375";"+1.07"
"2010-05-27";"13.1145";"13.128";"12.7775";"12.815";"-2.45"
"2010-05-28";"12.8255";"12.975";"12.7592";"12.9625";"+1.15"
"2010-05-31";"12.9444";"12.9689";"12.876";"12.93";"-0.25"
"2010-06-01";"12.9183";"13.0537";"12.8488";"12.9718";"+0.32"
"2010-06-02";"12.973";"13.001";"12.7749";"12.784";"-1.45"
"2010-06-03";"12.7905";"12.8764";"12.7283";"12.782";"-0.02"
"2010-06-04";"12.7525";"13.0138";"12.7155";"12.959";"+1.38"
"2010-06-07";"12.9584";"13.0285";"12.858";"12.9675";"+0.07"
"2010-06-08";"12.9739";"13.0037";"12.856";"12.875";"-0.71"
"2010-06-09";"12.856";"12.8845";"12.783";"12.8718";"-0.02"
"2010-06-10";"12.8721";"12.8865";"12.6845";"12.695";"-1.37"
"2010-06-11";"12.6865";"12.7415";"12.646";"12.6571";"-0.30"
"2010-06-14";"12.652";"12.7195";"12.5635";"12.6901";"+0.26"
"2010-06-15";"12.6861";"12.723";"12.5662";"12.5762";"-0.90"
"2010-06-16";"12.5833";"12.6555";"12.5594";"12.5991";"+0.18"
"2010-06-17";"12.6045";"12.6214";"12.5251";"12.5888";"-0.08"
"2010-06-18";"12.5875";"12.605";"12.524";"12.549";"-0.32"
"2010-06-21";"12.4797";"12.5734";"12.4175";"12.5375";"-0.09"
"2010-06-22";"12.5518";"12.6292";"12.4989";"12.6164";"+0.63"
"2010-06-23";"12.6069";"12.7224";"12.5599";"12.6475";"+0.25"
"2010-06-24";"12.6318";"12.7585";"12.6108";"12.7413";"+0.74"
"2010-06-25";"12.7207";"12.7656";"12.6322";"12.65";"-0.72"
"2010-06-28";"12.6551";"12.7357";"12.6214";"12.7281";"+0.62"
"2010-06-29";"12.7507";"12.9098";"12.7147";"12.89";"+1.27"
"2010-06-30";"12.8914";"12.9469";"12.7887";"12.9425";"+0.41"
"2010-07-01";"12.9405";"13.084";"12.8867";"13.0153";"+0.56"
"2010-07-02";"13.002";"13.1376";"12.982";"13.0863";"+0.55"
"2010-07-05";"13.0531";"13.1767";"13.0085";"13.0605";"-0.20"
"2010-07-06";"13.0645";"13.1029";"12.9159";"12.9669";"-0.72"
"2010-07-07";"12.9671";"13.0419";"12.8316";"12.8375";"-1.00"
"2010-07-08";"12.8388";"12.8676";"12.7545";"12.7682";"-0.54"
"2010-07-09";"12.7693";"12.8076";"12.7485";"12.775";"+0.05"
"2010-07-12";"12.7875";"12.8586";"12.7575";"12.84";"+0.51"
"2010-07-13";"12.8155";"12.844";"12.657";"12.675";"-1.29"
"2010-07-14";"12.6815";"12.7617";"12.6662";"12.7185";"+0.34"
"2010-07-15";"12.7105";"12.8383";"12.6532";"12.7722";"+0.42"
"2010-07-16";"12.767";"12.9623";"12.747";"12.9358";"+1.28"
"2010-07-19";"12.8992";"12.9532";"12.8616";"12.8993";"-0.28"
"2010-07-20";"12.9015";"12.9605";"12.7385";"12.7637";"-1.05"
"2010-07-21";"12.7547";"12.897";"12.7216";"12.867";"+0.81"
"2010-07-22";"12.871";"12.8952";"12.7439";"12.7665";"-0.78"
"2010-07-23";"12.756";"12.8085";"12.7085";"12.731";"-0.28"
"2010-07-26";"12.7205";"12.7434";"12.669";"12.6742";"-0.45"
"2010-07-27";"12.669";"12.7007";"12.6067";"12.6801";"+0.05"
"2010-07-28";"12.67";"12.7273";"12.6229";"12.7148";"+0.27"
"2010-07-29";"12.692";"12.765";"12.6405";"12.721";"+0.05"
"2010-07-30";"12.713";"12.7582";"12.6201";"12.6475";"-0.58"
"2010-08-02";"12.6318";"12.6498";"12.5339";"12.5724";"-0.59"
"2010-08-03";"12.5785";"12.6479";"12.562";"12.579";"+0.05"
"2010-08-04";"12.5765";"12.6125";"12.5105";"12.5234";"-0.44"
"2010-08-05";"12.5164";"12.5793";"12.4748";"12.5625";"+0.31"
"2010-08-06";"12.5607";"12.7446";"12.5255";"12.6922";"+1.03"
"2010-08-09";"12.692";"12.7005";"12.6052";"12.6189";"-0.58"
"2010-08-10";"12.6135";"12.7231";"12.5889";"12.5994";"-0.15"
"2010-08-11";"12.6005";"12.7894";"12.5875";"12.7649";"+1.31"
"2010-08-12";"12.772";"12.8255";"12.71";"12.7362";"-0.22"
"2010-08-13";"12.7303";"12.7566";"12.6807";"12.7375";"+0.01"
"2010-08-16";"12.7262";"12.75";"12.6287";"12.66";"-0.61"
"2010-08-17";"12.656";"12.67";"12.5682";"12.5955";"-0.51"
"2010-08-18";"12.5937";"12.6402";"12.5532";"12.6315";"+0.29"
"2010-08-19";"12.634";"12.7478";"12.588";"12.7082";"+0.61"
"2010-08-20";"12.7091";"12.8043";"12.6917";"12.7752";"+0.53"
"2010-08-23";"12.7291";"12.9265";"12.723";"12.9097";"+1.05"
"2010-08-24";"12.9202";"13.0321";"12.895";"12.945";"+0.27"
"2010-08-25";"12.978";"13.1198";"12.9397";"12.997";"+0.40"
"2010-08-26";"12.9875";"13.0872";"12.9422";"13.0732";"+0.59"
"2010-08-27";"13.0735";"13.1375";"12.99";"13.005";"-0.52"
"2010-08-30";"13.0086";"13.1676";"12.9777";"13.1484";"+1.10"
"2010-08-31";"13.1636";"13.274";"13.1325";"13.1985";"+0.38"
"2010-09-01";"13.209";"13.227";"13.0332";"13.0655";"-1.01"
"2010-09-02";"13.0522";"13.1015";"13.0245";"13.0351";"-0.23"
"2010-09-03";"13.0291";"13.067";"12.9036";"12.9355";"-0.76"
"2010-09-06";"12.9363";"12.9756";"12.9153";"12.9395";"+0.03"
"2010-09-07";"12.9342";"13.095";"12.929";"13.0592";"+0.93"
"2010-09-08";"13.048";"13.0871";"12.9759";"13.0438";"-0.12"
"2010-09-09";"13.0361";"13.0618";"12.9459";"13.0025";"-0.32"
"2010-09-10";"12.99";"13.016";"12.908";"12.938";"-0.50"
"2010-09-13";"12.8948";"12.9108";"12.8428";"12.8671";"-0.55"
"2010-09-14";"12.8585";"12.8993";"12.7905";"12.8315";"-0.28"
"2010-09-15";"12.8358";"12.8792";"12.776";"12.7952";"-0.28"
"2010-09-16";"12.7993";"12.8909";"12.7733";"12.7887";"-0.05"
"2010-09-17";"12.7862";"12.8452";"12.7472";"12.7973";"+0.07"
"2010-09-20";"12.8008";"12.8008";"12.7501";"12.7705";"-0.21"
"2010-09-21";"12.768";"12.8121";"12.7105";"12.7209";"-0.39"
"2010-09-22";"12.7239";"12.7299";"12.6205";"12.6419";"-0.62"
"2010-09-23";"12.636";"12.6971";"12.6127";"12.6359";"-0.05"
"2010-09-24";"12.6515";"12.6553";"12.5282";"12.535";"-0.80"
"2010-09-27";"12.535";"12.59";"12.4927";"12.5795";"+0.36"
"2010-09-28";"12.5869";"12.5961";"12.4732";"12.4863";"-0.74"
"2010-09-29";"12.4909";"12.559";"12.4428";"12.5382";"+0.42"
"2010-09-30";"12.5568";"12.6757";"12.519";"12.6072";"+0.55"
"2010-10-01";"12.5875";"12.607";"12.5043";"12.5255";"-0.65"
"2010-10-04";"12.551";"12.6279";"12.502";"12.5995";"+0.59"
"2010-10-05";"12.6049";"12.626";"12.4693";"12.4765";"-0.98"
"2010-10-06";"12.4737";"12.5104";"12.4459";"12.476";"0.00"
"2010-10-07";"12.4758";"12.5922";"12.4464";"12.543";"+0.54"
"2010-10-08";"12.545";"12.6027";"12.3922";"12.4055";"-1.10"
"2010-10-11";"12.4198";"12.4812";"12.3652";"12.4608";"+0.45"
"2010-10-12";"12.4455";"12.509";"12.3946";"12.406";"-0.44"
"2010-10-13";"12.4053";"12.427";"12.3397";"12.3882";"-0.14"
"2010-10-14";"12.383";"12.4733";"12.321";"12.4076";"+0.16"
"2010-10-15";"12.4057";"12.4712";"12.3444";"12.4345";"+0.22"
"2010-10-18";"12.4252";"12.5326";"12.3585";"12.4032";"-0.25"
"2010-10-19";"12.4018";"12.5575";"12.381";"12.5232";"+0.97"
"2010-10-20";"12.5145";"12.5395";"12.3795";"12.3974";"-1.00"
"2010-10-21";"12.3962";"12.4544";"12.3344";"12.3813";"-0.13"
"2010-10-22";"12.372";"12.4352";"12.3334";"12.342";"-0.32"
"2010-10-25";"12.3338";"12.3792";"12.2593";"12.3582";"+0.13"
"2010-10-26";"12.357";"12.4362";"12.3322";"12.402";"+0.35"
"2010-10-27";"12.4075";"12.5049";"12.3906";"12.4675";"+0.53"
"2010-10-28";"12.4694";"12.4747";"12.352";"12.3708";"-0.78"
"2010-10-29";"12.3759";"12.4094";"12.3145";"12.3469";"-0.19"
"2010-11-01";"12.351";"12.3847";"12.3275";"12.334";"-0.10"
"2010-11-02";"12.3279";"12.342";"12.2698";"12.2883";"-0.37"
"2010-11-03";"12.2877";"12.3471";"12.2451";"12.249";"-0.32"
"2010-11-04";"12.2508";"12.2683";"12.1999";"12.2324";"-0.14"
"2010-11-05";"12.2195";"12.3074";"12.1746";"12.2045";"-0.23"
"2010-11-08";"12.196";"12.2707";"12.157";"12.2312";"+0.22"
"2010-11-09";"12.231";"12.3214";"12.1755";"12.303";"+0.59"
"2010-11-10";"12.3023";"12.314";"12.2122";"12.2268";"-0.62"
"2010-11-11";"12.2145";"12.2905";"12.1968";"12.2628";"+0.29"
"2010-11-12";"12.262";"12.3643";"12.224";"12.3575";"+0.77"
"2010-11-15";"12.3349";"12.3665";"12.2469";"12.2825";"-0.61"
"2010-11-16";"12.2872";"12.4914";"12.2597";"12.4213";"+1.13"
"2010-11-17";"12.4248";"12.4455";"12.3526";"12.3813";"-0.32"
"2010-11-18";"12.3732";"12.382";"12.2692";"12.274";"-0.87"
"2010-11-19";"12.271";"12.325";"12.2529";"12.2725";"-0.01"
"2010-11-22";"12.242";"12.3537";"12.2118";"12.3035";"+0.25"
"2010-11-23";"12.3097";"12.4992";"12.2808";"12.4763";"+1.40"
"2010-11-24";"12.4845";"12.507";"12.3396";"12.3708";"-0.85"
"2010-11-25";"12.374";"12.4111";"12.3447";"12.3876";"+0.14"
"2010-11-26";"12.369";"12.5239";"12.347";"12.4995";"+0.90"
"2010-11-29";"12.451";"12.593";"12.4358";"12.4999";"0.00"
"2010-11-30";"12.4932";"12.5953";"12.4342";"12.4926";"-0.06"
"2010-12-01";"12.4899";"12.4955";"12.3565";"12.4125";"-0.64"
"2010-12-02";"12.3992";"12.4352";"12.3112";"12.3248";"-0.71"
"2010-12-03";"12.3231";"12.4682";"12.297";"12.3352";"+0.08"
"2010-12-06";"12.3454";"12.4235";"12.3267";"12.3583";"+0.19"
"2010-12-07";"12.3637";"12.5061";"12.3232";"12.4857";"+1.03"
"2010-12-08";"12.4822";"12.5337";"12.3925";"12.407";"-0.63"
"2010-12-09";"12.4074";"12.5001";"12.3755";"12.4807";"+0.59"
"2010-12-10";"12.4847";"12.4934";"12.4403";"12.4545";"-0.21"
"2010-12-13";"12.434";"12.4764";"12.3615";"12.409";"-0.37"
"2010-12-14";"12.4014";"12.4143";"12.3384";"12.3939";"-0.12"
"2010-12-15";"12.3875";"12.4996";"12.364";"12.4591";"+0.53"
"2010-12-16";"12.4589";"12.4792";"12.3987";"12.4087";"-0.40"
"2010-12-17";"12.413";"12.4606";"12.3712";"12.4007";"-0.06"
"2010-12-20";"12.393";"12.4368";"12.3762";"12.414";"+0.11"
"2010-12-21";"12.4116";"12.417";"12.3568";"12.3649";"-0.40"
"2010-12-22";"12.3544";"12.3766";"12.2968";"12.3082";"-0.46"
"2010-12-23";"12.302";"12.3625";"12.283";"12.3545";"+0.38"
"2010-12-24";"12.3668";"12.386";"12.33";"12.3653";"+0.09"
"2010-12-27";"12.3352";"12.3965";"12.3225";"12.3803";"+0.12"
"2010-12-28";"12.3674";"12.4092";"12.2916";"12.4032";"+0.18"
"2010-12-29";"12.3995";"12.4056";"12.3403";"12.3655";"-0.30"
"2010-12-30";"12.3684";"12.4042";"12.347";"12.3936";"+0.23"
"2010-12-31";"12.3846";"12.4116";"12.322";"12.3575";"-0.29"
"2011-01-03";"12.3441";"12.373";"12.2302";"12.2639";"-0.76"
"2011-01-04";"12.249";"12.2775";"12.1875";"12.2283";"-0.29"
"2011-01-05";"12.225";"12.2721";"12.1767";"12.1895";"-0.32"
"2011-01-06";"12.1777";"12.2576";"12.168";"12.2295";"+0.33"
"2011-01-07";"12.226";"12.2735";"12.1834";"12.2359";"+0.05"
"2011-01-10";"12.2172";"12.2942";"12.2039";"12.2233";"-0.10"
"2011-01-11";"12.2166";"12.2335";"12.1349";"12.144";"-0.65"
"2011-01-12";"12.1404";"12.1411";"12.0407";"12.0749";"-0.57"
"2011-01-13";"12.0739";"12.1565";"12.0358";"12.1314";"+0.47"
"2011-01-14";"12.1223";"12.1812";"12.014";"12.0395";"-0.76"
"2011-01-17";"12.013";"12.0637";"11.9692";"11.9808";"-0.49"
"2011-01-18";"11.9715";"12.055";"11.9417";"12.023";"+0.35"
"2011-01-19";"12.0088";"12.1121";"11.9831";"12.084";"+0.51"
"2011-01-20";"12.0837";"12.1432";"12.0371";"12.0669";"-0.14"
"2011-01-21";"12.0625";"12.087";"12.0025";"12.0625";"-0.04"
"2011-01-24";"12.0509";"12.0822";"12.0253";"12.045";"-0.15"
"2011-01-25";"12.0542";"12.1285";"12.0252";"12.0873";"+0.35"
"2011-01-26";"12.0933";"12.105";"12.005";"12.005";"-0.68"
"2011-01-27";"11.9975";"12.0505";"11.977";"12.0358";"+0.26"
"2011-01-28";"12.0441";"12.2178";"12.0164";"12.1995";"+1.36"
"2011-01-31";"12.176";"12.2367";"12.1077";"12.1162";"-0.68"
"2011-02-01";"12.1246";"12.1539";"11.9757";"12.0008";"-0.95"
"2011-02-02";"12.0075";"12.0448";"11.983";"12.0195";"+0.16"
"2011-02-03";"12.0165";"12.0766";"11.9877";"12.0093";"-0.08"
"2011-02-04";"11.9958";"12.025";"11.9606";"11.9765";"-0.27"
"2011-02-07";"11.962";"12.021";"11.95";"12.015";"+0.32"
"2011-02-08";"12.0173";"12.0566";"11.9558";"12.0386";"+0.20"
"2011-02-09";"12.0453";"12.093";"12.0094";"12.0769";"+0.32"
"2011-02-10";"12.0873";"12.1469";"12.0605";"12.0782";"+0.01"
"2011-02-11";"12.0741";"12.133";"12.0134";"12.024";"-0.45"
"2011-02-14";"12.0085";"12.0675";"11.9975";"12.0508";"+0.22"
"2011-02-15";"12.0506";"12.1802";"12.0332";"12.1535";"+0.85"
"2011-02-16";"12.1487";"12.1747";"12.0599";"12.0693";"-0.69"
"2011-02-17";"12.067";"12.098";"12.0011";"12.0146";"-0.45"
"2011-02-18";"12.013";"12.0362";"12.0006";"12.0274";"+0.11"
"2011-02-21";"12.0294";"12.0832";"12.0018";"12.0747";"+0.39"
"2011-02-22";"12.0585";"12.1535";"12.0585";"12.1359";"+0.51"
"2011-02-23";"12.1392";"12.2377";"12.0827";"12.1808";"+0.37"
"2011-02-24";"12.1816";"12.2419";"12.1249";"12.152";"-0.24"
"2011-02-25";"12.1448";"12.157";"12.0984";"12.1253";"-0.22"
"2011-02-28";"12.107";"12.141";"12.08";"12.1067";"-0.15"
"2011-03-01";"12.1116";"12.1437";"12.0665";"12.1319";"+0.21"
"2011-03-02";"12.1232";"12.1455";"12.0804";"12.0957";"-0.30"
"2011-03-03";"12.0862";"12.1116";"11.9895";"11.9983";"-0.81"
"2011-03-04";"12.0035";"12.0288";"11.9585";"12.0005";"+0.02"
"2011-03-07";"11.9952";"12.0705";"11.9748";"12.0482";"+0.40"
"2011-03-08";"12.051";"12.0822";"11.9889";"12.0091";"-0.32"
"2011-03-09";"12.01";"12.0291";"11.9093";"11.9317";"-0.64"
"2011-03-10";"11.9325";"12.001";"11.912";"11.9777";"+0.39"
"2011-03-11";"11.978";"12.0247";"11.887";"11.9103";"-0.56"
"2011-03-14";"11.9052";"11.9432";"11.8768";"11.8966";"-0.12"
"2011-03-15";"11.8993";"12.1062";"11.8897";"11.9932";"+0.81"
"2011-03-16";"11.979";"12.1989";"11.961";"12.1946";"+1.68"
"2011-03-17";"12.2094";"12.2345";"12.0754";"12.0952";"-0.82"
"2011-03-18";"12.0748";"12.1045";"12.0279";"12.0308";"-0.53"
"2011-03-21";"12.0678";"12.0692";"11.9532";"11.9855";"-0.38"
"2011-03-22";"11.9903";"12.0096";"11.9508";"11.9878";"+0.02"
"2011-03-23";"11.9869";"12.0278";"11.968";"12.0246";"+0.31"
"2011-03-24";"12.0225";"12.0235";"11.9365";"11.9432";"-0.68"
"2011-03-25";"11.9455";"11.9973";"11.9205";"11.99";"+0.39"
"2011-03-28";"11.98";"12.0003";"11.9468";"11.9715";"-0.15"
"2011-03-29";"11.9744";"11.9947";"11.9476";"11.9651";"-0.05"
"2011-03-30";"11.9568";"11.9724";"11.8997";"11.926";"-0.33"
"2011-03-31";"11.9281";"11.956";"11.8706";"11.9039";"-0.19"
"2011-04-01";"11.8919";"11.9201";"11.8235";"11.8365";"-0.57"
"2011-04-04";"11.8407";"11.8746";"11.822";"11.8472";"+0.09"
"2011-04-05";"11.846";"11.8726";"11.807";"11.8158";"-0.27"
"2011-04-06";"11.8182";"11.8226";"11.7719";"11.8062";"-0.08"
"2011-04-07";"11.8088";"11.827";"11.7615";"11.7716";"-0.29"
"2011-04-08";"11.7687";"11.7713";"11.7077";"11.7313";"-0.34"
"2011-04-11";"11.7298";"11.7765";"11.7187";"11.7743";"+0.37"
"2011-04-12";"11.7721";"11.8498";"11.7445";"11.8403";"+0.56"
"2011-04-13";"11.8364";"11.8543";"11.7582";"11.7781";"-0.53"
"2011-04-14";"11.774";"11.8289";"11.7065";"11.713";"-0.55"
"2011-04-15";"11.7314";"11.7518";"11.6546";"11.6687";"-0.38"
"2011-04-18";"11.6626";"11.8215";"11.6537";"11.7672";"+0.84"
"2011-04-19";"11.761";"11.7942";"11.6635";"11.6805";"-0.74"
"2011-04-20";"11.6684";"11.6878";"11.5902";"11.6025";"-0.67"
"2011-04-21";"11.6088";"11.6504";"11.5709";"11.6127";"+0.09"
"2011-04-22";"11.6118";"11.6164";"11.576";"11.5888";"-0.21"
"2011-04-25";"11.5928";"11.6409";"11.5804";"11.6051";"+0.14"
"2011-04-26";"11.6201";"11.6412";"11.563";"11.5825";"-0.19"
"2011-04-27";"11.5785";"11.6014";"11.5155";"11.5276";"-0.47"
"2011-04-28";"11.5271";"11.5897";"11.5033";"11.5469";"+0.17"
"2011-04-29";"11.5503";"11.5708";"11.492";"11.498";"-0.42"
"2011-05-02";"11.483";"11.5521";"11.4797";"11.5307";"+0.28"
"2011-05-03";"11.5298";"11.5952";"11.5083";"11.5631";"+0.28"
"2011-05-04";"11.5633";"11.6674";"11.5466";"11.6664";"+0.89"
"2011-05-05";"11.6502";"11.766";"11.6305";"11.7321";"+0.56"
"2011-05-06";"11.7349";"11.7409";"11.5754";"11.6274";"-0.89"
"2011-05-09";"11.6156";"11.6674";"11.5932";"11.6175";"-0.09"
"2011-05-10";"11.6256";"11.651";"11.5425";"11.567";"-0.43"
"2011-05-11";"11.558";"11.6888";"11.5312";"11.6511";"+0.73"
"2011-05-12";"11.6522";"11.7317";"11.6195";"11.6484";"-0.02"
"2011-05-13";"11.6218";"11.7867";"11.6122";"11.7345";"+0.74"
"2011-05-16";"11.7342";"11.7876";"11.6977";"11.773";"+0.33"
"2011-05-17";"11.7614";"11.7929";"11.708";"11.7125";"-0.51"
"2011-05-18";"11.7097";"11.7603";"11.6945";"11.7066";"-0.05"
"2011-05-19";"11.7241";"11.7261";"11.6132";"11.6366";"-0.60"
"2011-05-20";"11.6316";"11.6915";"11.5936";"11.6425";"+0.05"
"2011-05-23";"11.6422";"11.7565";"11.639";"11.7429";"+0.86"
"2011-05-24";"11.739";"11.7443";"11.6736";"11.6878";"-0.47"
"2011-05-25";"11.6839";"11.7348";"11.6665";"11.6688";"-0.16"
"2011-05-26";"11.6662";"11.7146";"11.6325";"11.665";"-0.03"
"2011-05-27";"11.659";"11.6867";"11.5935";"11.6105";"-0.47"
"2011-05-30";"11.6025";"11.6195";"11.5958";"11.6083";"-0.02"
"2011-05-31";"11.6112";"11.6112";"11.553";"11.5697";"-0.33"
"2011-06-01";"11.5706";"11.7197";"11.5456";"11.719";"+1.29"
"2011-06-02";"11.7113";"11.7278";"11.6285";"11.6317";"-0.74"
"2011-06-03";"11.6385";"11.7264";"11.6197";"11.6741";"+0.36"
"2011-06-06";"11.6622";"11.7662";"11.6611";"11.748";"+0.63"
"2011-06-07";"11.7447";"11.7815";"11.6876";"11.7697";"+0.18"
"2011-06-08";"11.7695";"11.8515";"11.7574";"11.8485";"+0.67"
"2011-06-09";"11.844";"11.858";"11.7635";"11.7809";"-0.57"
"2011-06-10";"11.7779";"11.9113";"11.7657";"11.9071";"+1.07"
"2011-06-13";"11.892";"11.9175";"11.8409";"11.8517";"-0.47"
"2011-06-14";"11.8549";"11.8685";"11.7695";"11.8005";"-0.43"
"2011-06-15";"11.7934";"11.9485";"11.7873";"11.9311";"+1.11"
"2011-06-16";"11.9169";"12.0205";"11.9009";"11.9534";"+0.19"
"2011-06-17";"11.9496";"11.9976";"11.8823";"11.9025";"-0.43"
"2011-06-20";"11.9133";"11.9638";"11.8586";"11.8754";"-0.23"
"2011-06-21";"11.8735";"11.8774";"11.7767";"11.7874";"-0.74"
"2011-06-22";"11.7796";"11.8258";"11.7476";"11.7962";"+0.07"
"2011-06-23";"11.7974";"11.9364";"11.7947";"11.8528";"+0.48"
"2011-06-24";"11.856";"11.9179";"11.836";"11.8988";"+0.39"
"2011-06-27";"11.9025";"11.947";"11.876";"11.8975";"-0.01"
"2011-06-28";"11.9015";"11.9164";"11.804";"11.815";"-0.69"
"2011-06-29";"11.8195";"11.8269";"11.7435";"11.7509";"-0.54"
"2011-06-30";"11.774";"11.7799";"11.7047";"11.7107";"-0.34"
"2011-07-01";"11.7142";"11.75";"11.6034";"11.6151";"-0.82"
"2011-07-04";"11.6266";"11.6266";"11.579";"11.5851";"-0.26"
"2011-07-05";"11.5845";"11.6523";"11.563";"11.636";"+0.44"
"2011-07-06";"11.6292";"11.6825";"11.6157";"11.62";"-0.14"
"2011-07-07";"11.6238";"11.6305";"11.5268";"11.5403";"-0.69"
"2011-07-08";"11.5448";"11.6527";"11.5297";"11.625";"+0.73"
"2011-07-11";"11.6255";"11.773";"11.6157";"11.7618";"+1.18"
"2011-07-12";"11.7495";"11.9557";"11.7438";"11.8045";"+0.36"
"2011-07-13";"11.8";"11.816";"11.6762";"11.6953";"-0.93"
"2011-07-14";"11.6944";"11.7619";"11.663";"11.722";"+0.23"
"2011-07-15";"11.7144";"11.7564";"11.6884";"11.7372";"+0.13"
"2011-07-18";"11.733";"11.8078";"11.716";"11.7226";"-0.12"
"2011-07-19";"11.722";"11.7355";"11.6373";"11.6542";"-0.58"
"2011-07-20";"11.6547";"11.6795";"11.6257";"11.653";"-0.01"
"2011-07-21";"11.6524";"11.6857";"11.5867";"11.5908";"-0.53"
"2011-07-22";"11.5915";"11.6598";"11.5808";"11.6445";"+0.46"
"2011-07-25";"11.6295";"11.7205";"11.6265";"11.6521";"+0.07"
"2011-07-26";"11.6572";"11.6738";"11.5883";"11.633";"-0.16"
"2011-07-27";"11.6465";"11.6854";"11.5963";"11.6489";"+0.14"
"2011-07-28";"11.651";"11.7519";"11.6185";"11.717";"+0.58"
"2011-07-29";"11.7217";"11.7992";"11.7134";"11.7275";"+0.09"
"2011-08-01";"11.7183";"11.7768";"11.6248";"11.7302";"+0.02"
"2011-08-02";"11.714";"11.8618";"11.708";"11.8539";"+1.05"
"2011-08-03";"11.8419";"11.8833";"11.7843";"11.815";"-0.33"
"2011-08-04";"11.8285";"12.06";"11.8027";"12.0425";"+1.93"
"2011-08-05";"12.0517";"12.0731";"11.9177";"11.9933";"-0.41"
"2011-08-08";"12.0715";"12.3543";"12.05";"12.34";"+2.89"
"2011-08-09";"12.3385";"12.7675";"12.0105";"12.0228";"-2.57"
"2011-08-10";"12.0254";"12.5861";"12.0217";"12.5468";"+4.36"
"2011-08-11";"12.5535";"12.602";"12.2218";"12.2768";"-2.15"
"2011-08-12";"12.2884";"12.4043";"12.2295";"12.3223";"+0.37"
"2011-08-15";"12.2896";"12.316";"12.198";"12.2437";"-0.64"
"2011-08-16";"12.2448";"12.3015";"12.2157";"12.2538";"+0.08"
"2011-08-17";"12.2545";"12.2826";"12.138";"12.1697";"-0.69"
"2011-08-18";"12.17";"12.4347";"12.1675";"12.2663";"+0.79"
"2011-08-19";"12.2817";"12.3725";"12.1995";"12.2979";"+0.26"
"2011-08-22";"12.3185";"12.3774";"12.2191";"12.3617";"+0.52"
"2011-08-23";"12.3606";"12.39";"12.268";"12.3208";"-0.33"
"2011-08-24";"12.3181";"12.4877";"12.3155";"12.4745";"+1.25"
"2011-08-25";"12.4821";"12.5349";"12.369";"12.5113";"+0.30"
"2011-08-26";"12.5074";"12.5748";"12.4442";"12.465";"-0.37"
"2011-08-29";"12.458";"12.47";"12.3695";"12.4659";"+0.01"
"2011-08-30";"12.4648";"12.5489";"12.4408";"12.514";"+0.39"
"2011-08-31";"12.524";"12.5287";"12.2802";"12.3374";"-1.41"
"2011-09-01";"12.3326";"12.4";"12.2342";"12.3035";"-0.27"
"2011-09-02";"12.3134";"12.4532";"12.2935";"12.41";"+0.87"
"2011-09-05";"12.4029";"12.5875";"12.4029";"12.5319";"+0.98"
"2011-09-06";"12.542";"12.5747";"12.4733";"12.5069";"-0.20"
"2011-09-07";"12.5153";"12.5259";"12.4151";"12.4638";"-0.34"
"2011-09-08";"12.483";"12.5446";"12.4558";"12.5132";"+0.40"
"2011-09-09";"12.5107";"12.7004";"12.4856";"12.6988";"+1.48"
"2011-09-12";"12.7004";"12.9955";"12.6787";"12.8556";"+1.23"
"2011-09-13";"12.861";"12.996";"12.7874";"12.8878";"+0.25"
"2011-09-14";"12.8934";"13.0264";"12.8613";"12.9306";"+0.33"
"2011-09-15";"12.9321";"12.9904";"12.804";"12.9443";"+0.11"
"2011-09-16";"12.9395";"13.0585";"12.8829";"13.0484";"+0.80"
"2011-09-19";"13.0575";"13.2471";"13.0562";"13.1285";"+0.61"
"2011-09-20";"13.1451";"13.2407";"13.0564";"13.235";"+0.81"
"2011-09-21";"13.2256";"13.7297";"13.1892";"13.6998";"+3.51"
"2011-09-22";"13.681";"14.1044";"13.6784";"14.0703";"+2.70"
"2011-09-23";"14.055";"14.1384";"13.505";"13.535";"-3.80"
"2011-09-26";"13.5785";"13.7905";"13.4015";"13.5295";"-0.04"
"2011-09-27";"13.5181";"13.547";"13.272";"13.3675";"-1.20"
"2011-09-28";"13.3611";"13.6173";"13.3079";"13.56";"+1.44"
"2011-09-29";"13.5434";"13.7543";"13.388";"13.7198";"+1.18"
"2011-09-30";"13.7416";"13.9572";"13.682";"13.9";"+1.31"
"2011-10-03";"13.862";"14.0523";"13.7828";"14.0431";"+1.03"
"2011-10-04";"14.0639";"14.1008";"13.7114";"13.7679";"-1.96"
"2011-10-05";"13.7737";"13.8301";"13.4663";"13.5534";"-1.56"
"2011-10-06";"13.5596";"13.6526";"13.378";"13.4328";"-0.89"
"2011-10-07";"13.4631";"13.5253";"13.232";"13.46";"+0.20"
"2011-10-10";"13.4427";"13.4477";"13.218";"13.2425";"-1.62"
"2011-10-11";"13.2368";"13.4075";"13.228";"13.399";"+1.18"
"2011-10-12";"13.4066";"13.4157";"13.1818";"13.2825";"-0.87"
"2011-10-13";"13.2937";"13.4454";"13.2549";"13.4373";"+1.17"
"2011-10-14";"13.4394";"13.5657";"13.2231";"13.2515";"-1.38"
"2011-10-17";"13.263";"13.4969";"13.1433";"13.489";"+1.79"
"2011-10-18";"13.4893";"13.5535";"13.334";"13.3996";"-0.66"
"2011-10-19";"13.3915";"13.4971";"13.302";"13.4564";"+0.42"
"2011-10-20";"13.4614";"13.8136";"13.392";"13.7099";"+1.88"
"2011-10-21";"13.6919";"13.753";"13.554";"13.678";"-0.23"
"2011-10-24";"13.6702";"13.6818";"13.3576";"13.3671";"-2.27"
"2011-10-25";"13.3789";"13.552";"13.293";"13.5199";"+1.14"
"2011-10-26";"13.5296";"13.5399";"13.3495";"13.4041";"-0.86"
"2011-10-27";"13.4244";"13.4258";"13.092";"13.111";"-2.19"
"2011-10-28";"13.1148";"13.1665";"12.995";"12.996";"-0.88"
"2011-10-31";"13.0169";"13.3767";"13.0129";"13.3604";"+2.80"
"2011-11-01";"13.3648";"13.772";"13.34";"13.6197";"+1.94"
"2011-11-02";"13.605";"13.6408";"13.431";"13.5551";"-0.47"
"2011-11-03";"13.5306";"13.6626";"13.312";"13.3503";"-1.51"
"2011-11-04";"13.331";"13.5255";"13.275";"13.481";"+0.98"
"2011-11-07";"13.429";"13.5675";"13.405";"13.4283";"-0.39"
"2011-11-08";"13.417";"13.4741";"13.3316";"13.3357";"-0.69"
"2011-11-09";"13.3353";"13.6909";"13.3343";"13.6776";"+2.56"
"2011-11-10";"13.6793";"13.727";"13.506";"13.5435";"-0.98"
"2011-11-11";"13.5375";"13.5778";"13.3835";"13.4915";"-0.38"
"2011-11-14";"13.4432";"13.5676";"13.4358";"13.5018";"+0.08"
"2011-11-15";"13.5157";"13.6161";"13.457";"13.6056";"+0.77"
"2011-11-16";"13.6111";"13.6581";"13.5045";"13.6453";"+0.29"
"2011-11-17";"13.6396";"13.749";"13.5984";"13.7158";"+0.52"
"2011-11-18";"13.7166";"13.7873";"13.6037";"13.7263";"+0.08"
"2011-11-21";"13.7404";"14.0555";"13.7185";"14.0175";"+2.12"
"2011-11-22";"14.0145";"14.0965";"13.9175";"13.9775";"-0.29"
"2011-11-23";"13.9806";"14.225";"13.961";"14.197";"+1.57"
"2011-11-24";"14.1796";"14.2373";"14.0436";"14.1964";"0.00"
"2011-11-25";"14.205";"14.31";"14.184";"14.204";"+0.05"
"2011-11-28";"14.2112";"14.2112";"13.9533";"14.0239";"-1.27"
"2011-11-29";"14.0271";"14.0389";"13.7305";"13.7929";"-1.65"
"2011-11-30";"13.8163";"13.8698";"13.4988";"13.6438";"-1.08"
"2011-12-01";"13.6252";"13.6773";"13.5292";"13.6014";"-0.31"
"2011-12-02";"13.6103";"13.6279";"13.4434";"13.62";"+0.14"
"2011-12-05";"13.5538";"13.576";"13.4358";"13.5292";"-0.67"
"2011-12-06";"13.535";"13.557";"13.43";"13.471";"-0.43"
"2011-12-07";"13.4759";"13.5584";"13.4449";"13.5186";"+0.35"
"2011-12-08";"13.4982";"13.7332";"13.4402";"13.7208";"+1.50"
"2011-12-09";"13.7169";"13.7639";"13.5549";"13.585";"-0.99"
"2011-12-12";"13.5899";"13.8828";"13.5739";"13.8142";"+1.69"
"2011-12-13";"13.8161";"13.9027";"13.7297";"13.8693";"+0.40"
"2011-12-14";"13.8679";"13.9645";"13.8325";"13.9029";"+0.24"
"2011-12-15";"13.888";"13.9184";"13.7384";"13.8958";"-0.05"
"2011-12-16";"13.906";"13.9355";"13.7812";"13.855";"-0.29"
"2011-12-19";"13.8504";"13.9154";"13.8299";"13.9016";"+0.34"
"2011-12-20";"13.9029";"13.916";"13.7285";"13.7843";"-0.84"
"2011-12-21";"13.7868";"13.8877";"13.6747";"13.83";"+0.33"
"2011-12-22";"13.8258";"13.8412";"13.7578";"13.8197";"-0.07"
"2011-12-23";"13.8238";"13.8731";"13.7699";"13.8362";"+0.12"
"2011-12-26";"13.8602";"13.8754";"13.837";"13.862";"+0.19"
"2011-12-27";"13.851";"14.0485";"13.8501";"14.012";"+1.08"
"2011-12-28";"14.0053";"14.0364";"13.9041";"13.9788";"-0.24"
"2011-12-29";"13.9816";"14.0263";"13.9561";"14.0156";"+0.26"
"2011-12-30";"14.0004";"14.0241";"13.916";"13.9547";"-0.43"
"2012-01-02";"13.932";"13.9849";"13.8939";"13.91";"-0.32"
"2012-01-03";"13.9141";"13.9371";"13.6351";"13.6515";"-1.86"
"2012-01-04";"13.6485";"13.7614";"13.6389";"13.668";"+0.12"
"2012-01-05";"13.6803";"13.7925";"13.658";"13.758";"+0.66"
"2012-01-06";"13.7731";"13.7972";"13.6603";"13.721";"-0.27"
"2012-01-09";"13.7527";"13.7672";"13.6788";"13.6921";"-0.21"
"2012-01-10";"13.6928";"13.707";"13.543";"13.6445";"-0.35"
"2012-01-11";"13.6287";"13.7064";"13.6013";"13.6103";"-0.25"
"2012-01-12";"13.6105";"13.6264";"13.5195";"13.5394";"-0.52"
"2012-01-13";"13.5327";"13.6937";"13.5048";"13.5985";"+0.44"
"2012-01-16";"13.615";"13.6274";"13.5235";"13.5475";"-0.38"
"2012-01-17";"13.5484";"13.5719";"13.3976";"13.4336";"-0.84"
"2012-01-18";"13.4413";"13.4606";"13.2821";"13.3056";"-0.95"
"2012-01-19";"13.3092";"13.3467";"13.2167";"13.2313";"-0.56"
"2012-01-20";"13.2265";"13.2912";"13.165";"13.1758";"-0.42"
"2012-01-23";"13.1933";"13.2121";"13.0844";"13.1558";"-0.15"
"2012-01-24";"13.1728";"13.2578";"13.113";"13.1348";"-0.16"
"2012-01-25";"13.1038";"13.1971";"12.9981";"13.0157";"-0.91"
"2012-01-26";"13.0149";"13.0442";"12.8296";"13.0027";"-0.10"
"2012-01-27";"13.0046";"13.0489";"12.9055";"12.9221";"-0.62"
"2012-01-30";"12.9219";"13.0589";"12.9219";"12.9924";"+0.54"
"2012-01-31";"12.9776";"13.062";"12.8995";"13.0446";"+0.40"
"2012-02-01";"13.0426";"13.0722";"12.8535";"12.8959";"-1.14"
"2012-02-02";"12.9005";"12.928";"12.7843";"12.8055";"-0.70"
"2012-02-03";"12.8035";"12.8513";"12.664";"12.6791";"-0.99"
"2012-02-06";"12.7001";"12.742";"12.6122";"12.668";"-0.09"
"2012-02-07";"12.6705";"12.7333";"12.6183";"12.686";"+0.14"
"2012-02-08";"12.6755";"12.7352";"12.6208";"12.7184";"+0.26"
"2012-02-09";"12.7198";"12.7729";"12.6645";"12.6806";"-0.30"
"2012-02-10";"12.6703";"12.8506";"12.6661";"12.822";"+1.12"
"2012-02-13";"12.776";"12.78";"12.668";"12.7058";"-0.91"
"2012-02-14";"12.7006";"12.8229";"12.689";"12.7688";"+0.50"
"2012-02-15";"12.7615";"12.8711";"12.696";"12.8597";"+0.71"
"2012-02-16";"12.8824";"13.0022";"12.7932";"12.8141";"-0.35"
"2012-02-17";"12.8254";"12.8351";"12.7414";"12.7628";"-0.40"
"2012-02-20";"12.7153";"12.7187";"12.6681";"12.7055";"-0.45"
"2012-02-21";"12.6957";"12.8164";"12.6772";"12.7765";"+0.56"
"2012-02-22";"12.7831";"12.8523";"12.769";"12.8485";"+0.56"
"2012-02-23";"12.8528";"12.9015";"12.7325";"12.8279";"-0.16"
"2012-02-24";"12.8263";"12.9184";"12.7764";"12.8938";"+0.51"
"2012-02-27";"12.9067";"12.9854";"12.843";"12.8902";"-0.03"
"2012-02-28";"12.8925";"12.9027";"12.8117";"12.8466";"-0.34"
"2012-02-29";"12.849";"12.8722";"12.7575";"12.846";"0.00"
"2012-03-01";"12.8514";"12.8832";"12.7225";"12.7368";"-0.85"
"2012-03-02";"12.7185";"12.8084";"12.7175";"12.7564";"+0.15"
"2012-03-05";"12.7586";"12.8457";"12.7531";"12.8409";"+0.66"
"2012-03-06";"12.8438";"13.0486";"12.8215";"12.9994";"+1.23"
"2012-03-07";"12.9996";"13.0227";"12.858";"12.875";"-0.96"
"2012-03-08";"12.8736";"12.908";"12.6641";"12.6995";"-1.36"
"2012-03-09";"12.6758";"12.7305";"12.6056";"12.6606";"-0.31"
"2012-03-12";"12.6456";"12.7468";"12.6436";"12.6639";"+0.03"
"2012-03-13";"12.661";"12.6849";"12.5467";"12.5539";"-0.87"
"2012-03-14";"12.5547";"12.7372";"12.5529";"12.7338";"+1.43"
"2012-03-15";"12.7251";"12.7443";"12.6347";"12.6562";"-0.61"
"2012-03-16";"12.6596";"12.6955";"12.6157";"12.6708";"+0.12"
"2012-03-19";"12.6675";"12.7037";"12.5859";"12.6359";"-0.28"
"2012-03-20";"12.6325";"12.7333";"12.6295";"12.649";"+0.10"
"2012-03-21";"12.6656";"12.7363";"12.609";"12.7069";"+0.46"
"2012-03-22";"12.7104";"12.8671";"12.6862";"12.8089";"+0.80"
"2012-03-23";"12.8195";"12.878";"12.7393";"12.7475";"-0.48"
"2012-03-26";"12.7588";"12.7831";"12.648";"12.664";"-0.66"
"2012-03-27";"12.6689";"12.7309";"12.617";"12.7155";"+0.41"
"2012-03-28";"12.7086";"12.8372";"12.675";"12.7653";"+0.39"
"2012-03-29";"12.7588";"12.8901";"12.741";"12.8096";"+0.35"
"2012-03-30";"12.8059";"12.8357";"12.7445";"12.807";"-0.02"
"2012-04-02";"12.7734";"12.8173";"12.7126";"12.7375";"-0.54"
"2012-04-03";"12.7189";"12.8117";"12.6995";"12.793";"+0.44"
"2012-04-04";"12.7727";"12.8534";"12.7608";"12.7906";"-0.02"
"2012-04-05";"12.7967";"12.8854";"12.755";"12.8684";"+0.61"
"2012-04-06";"12.8681";"13.061";"12.8621";"12.9862";"+0.92"
"2012-04-09";"12.9912";"13.044";"12.9385";"12.966";"-0.16"
"2012-04-10";"12.9677";"13.2049";"12.9455";"13.1645";"+1.53"
"2012-04-11";"13.1529";"13.1917";"13.099";"13.1632";"-0.01"
"2012-04-12";"13.1669";"13.1734";"13.0215";"13.0275";"-1.03"
"2012-04-13";"13.0325";"13.1984";"13.0281";"13.1805";"+1.17"
"2012-04-16";"13.1609";"13.2785";"13.1496";"13.2203";"+0.30"
"2012-04-17";"13.2063";"13.2477";"13.0488";"13.1062";"-0.86"
"2012-04-18";"13.0965";"13.1866";"13.0718";"13.1825";"+0.58"
"2012-04-19";"13.1836";"13.274";"13.1406";"13.2013";"+0.14"
"2012-04-20";"13.2038";"13.225";"13.0921";"13.1";"-0.77"
"2012-04-23";"13.102";"13.227";"13.0805";"13.1705";"+0.54"
"2012-04-24";"13.1745";"13.2036";"13.1158";"13.1642";"-0.05"
"2012-04-25";"13.1654";"13.1941";"13.113";"13.1601";"-0.03"
"2012-04-26";"13.1609";"13.2488";"13.111";"13.1776";"+0.13"
"2012-04-27";"13.2003";"13.2509";"12.9624";"12.9677";"-1.59"
"2012-04-30";"12.9755";"13.046";"12.9487";"13.0156";"+0.37"
"2012-05-01";"13.0228";"13.0444";"12.8792";"12.9108";"-0.81"
"2012-05-02";"12.9138";"12.982";"12.9039";"12.9364";"+0.20"
"2012-05-03";"12.9383";"13.0243";"12.907";"13.0212";"+0.66"
"2012-05-04";"13.0072";"13.187";"12.973";"13.172";"+1.16"
"2012-05-07";"13.2938";"13.2938";"13.1341";"13.166";"-0.05"
"2012-05-08";"13.1653";"13.3946";"13.153";"13.3613";"+1.48"
"2012-05-09";"13.3711";"13.574";"13.3514";"13.518";"+1.17"
"2012-05-10";"13.5337";"13.5478";"13.401";"13.5169";"-0.01"
"2012-05-11";"13.5495";"13.5855";"13.4815";"13.5755";"+0.43"
"2012-05-14";"13.5778";"13.7514";"13.5441";"13.7288";"+1.13"
"2012-05-15";"13.732";"13.8431";"13.6222";"13.8272";"+0.72"
"2012-05-16";"13.8277";"13.9486";"13.7318";"13.7665";"-0.44"
"2012-05-17";"13.7547";"13.862";"13.703";"13.835";"+0.50"
"2012-05-18";"13.834";"13.9052";"13.729";"13.805";"-0.22"
"2012-05-21";"13.8036";"13.8294";"13.6874";"13.6965";"-0.79"
"2012-05-22";"13.7017";"13.9119";"13.6665";"13.9015";"+1.50"
"2012-05-23";"13.902";"14.0792";"13.9";"13.9952";"+0.67"
"2012-05-24";"14.0065";"14.0663";"13.925";"14.013";"+0.13"
"2012-05-25";"14.0096";"14.0567";"13.9526";"14.0217";"+0.06"
"2012-05-28";"13.9322";"13.9651";"13.9024";"13.9469";"-0.53"
"2012-05-29";"13.9456";"13.9843";"13.8597";"13.8873";"-0.43"
"2012-05-30";"13.8848";"14.1616";"13.8727";"14.1555";"+1.93"
"2012-05-31";"14.1483";"14.3844";"14.087";"14.3716";"+1.53"
"2012-06-01";"14.36";"14.6025";"14.2645";"14.3135";"-0.40"
"2012-06-04";"14.3061";"14.3591";"14.172";"14.2311";"-0.58"
"2012-06-05";"14.202";"14.2798";"14.1706";"14.208";"-0.16"
"2012-06-06";"14.211";"14.2497";"14.026";"14.028";"-1.27"
"2012-06-07";"14.0317";"14.0858";"13.8298";"14.0668";"+0.28"
"2012-06-08";"14.0637";"14.2189";"13.9097";"13.9212";"-1.04"
"2012-06-11";"13.8499";"14.1061";"13.8164";"14.1037";"+1.31"
"2012-06-12";"14.0897";"14.1129";"13.9372";"13.966";"-0.98"
"2012-06-13";"13.9637";"14.0433";"13.9354";"14.0282";"+0.45"
"2012-06-14";"14.016";"14.0818";"13.8703";"13.895";"-0.95"
"2012-06-15";"13.895";"13.9502";"13.8657";"13.921";"+0.19"
"2012-06-18";"13.8366";"13.9689";"13.8122";"13.8251";"-0.69"
"2012-06-19";"13.8255";"13.8437";"13.6734";"13.6879";"-0.99"
"2012-06-20";"13.6956";"13.7794";"13.633";"13.696";"+0.06"
"2012-06-21";"13.6986";"13.952";"13.665";"13.919";"+1.63"
"2012-06-22";"13.9043";"13.9424";"13.8018";"13.8569";"-0.45"
"2012-06-25";"13.8433";"13.98";"13.8126";"13.9144";"+0.41"
"2012-06-26";"13.911";"13.9585";"13.7303";"13.7625";"-1.09"
"2012-06-27";"13.7634";"13.7782";"13.5472";"13.5578";"-1.49"
"2012-06-28";"13.5658";"13.732";"13.5517";"13.602";"+0.33"
"2012-06-29";"13.6024";"13.6316";"13.3048";"13.3573";"-1.80"
"2012-07-02";"13.2736";"13.4558";"13.2508";"13.3361";"-0.16"
"2012-07-03";"13.3343";"13.3942";"13.2925";"13.3357";"0.00"
"2012-07-04";"13.3367";"13.389";"13.329";"13.334";"-0.01"
"2012-07-05";"13.329";"13.4258";"13.2707";"13.4073";"+0.55"
"2012-07-06";"13.4115";"13.5238";"13.3715";"13.3865";"-0.16"
"2012-07-09";"13.417";"13.5089";"13.3285";"13.3285";"-0.43"
"2012-07-10";"13.337";"13.4009";"13.2444";"13.3856";"+0.43"
"2012-07-11";"13.3695";"13.3736";"13.2795";"13.32";"-0.49"
"2012-07-12";"13.303";"13.522";"13.301";"13.454";"+1.01"
"2012-07-13";"13.4645";"13.4712";"13.2775";"13.2905";"-1.22"
"2012-07-16";"13.2986";"13.3483";"13.1999";"13.2141";"-0.57"
"2012-07-17";"13.2151";"13.2763";"13.1481";"13.1575";"-0.43"
"2012-07-18";"13.1606";"13.2205";"13.0935";"13.1696";"+0.09"
"2012-07-19";"13.1711";"13.2502";"13.1067";"13.2242";"+0.41"
"2012-07-20";"13.2256";"13.3705";"13.2035";"13.3625";"+1.05"
"2012-07-23";"13.3528";"13.5906";"13.3474";"13.5876";"+1.68"
"2012-07-24";"13.5836";"13.7786";"13.5716";"13.71";"+0.90"
"2012-07-25";"13.7003";"13.7302";"13.5787";"13.5955";"-0.84"
"2012-07-26";"13.5977";"13.6417";"13.3832";"13.4146";"-1.33"
"2012-07-27";"13.4176";"13.4662";"13.2149";"13.2375";"-1.32"
"2012-07-30";"13.2261";"13.3008";"13.2079";"13.2671";"+0.22"
"2012-07-31";"13.2676";"13.3349";"13.2205";"13.327";"+0.45"
"2012-08-01";"13.3262";"13.3973";"13.2373";"13.3848";"+0.43"
"2012-08-02";"13.3848";"13.4822";"13.2778";"13.3592";"-0.19"
"2012-08-03";"13.3595";"13.3669";"13.1045";"13.1362";"-1.67"
"2012-08-06";"13.152";"13.2139";"13.0578";"13.1925";"+0.43"
"2012-08-07";"13.196";"13.2516";"13.1195";"13.2245";"+0.24"
"2012-08-08";"13.2241";"13.2774";"13.1192";"13.1472";"-0.58"
"2012-08-09";"13.1482";"13.1806";"13.0748";"13.089";"-0.44"
"2012-08-10";"13.077";"13.179";"13.0725";"13.0831";"-0.05"
"2012-08-13";"13.085";"13.1753";"13.0517";"13.1478";"+0.49"
"2012-08-14";"13.1464";"13.1925";"13.0643";"13.1795";"+0.24"
"2012-08-15";"13.1804";"13.2258";"13.128";"13.1325";"-0.36"
"2012-08-16";"13.1348";"13.1869";"13.0927";"13.1746";"+0.32"
"2012-08-17";"13.1759";"13.2489";"13.1098";"13.1227";"-0.39"
"2012-08-20";"13.1155";"13.157";"13.078";"13.1052";"-0.13"
"2012-08-21";"13.1102";"13.1675";"13.0368";"13.1445";"+0.30"
"2012-08-22";"13.1421";"13.2184";"13.0701";"13.0736";"-0.54"
"2012-08-23";"13.074";"13.1845";"13.0577";"13.1573";"+0.64"
"2012-08-24";"13.1638";"13.254";"13.1351";"13.17";"+0.10"
"2012-08-27";"13.1797";"13.228";"13.1574";"13.1923";"+0.17"
"2012-08-28";"13.1936";"13.2386";"13.1625";"13.189";"-0.03"
"2012-08-29";"13.1964";"13.3304";"13.1875";"13.3035";"+0.87"
"2012-08-30";"13.298";"13.4397";"13.296";"13.3493";"+0.34"
"2012-08-31";"13.3488";"13.3758";"13.1812";"13.1925";"-1.17"
"2012-09-03";"13.2047";"13.2438";"13.1782";"13.1867";"-0.04"
"2012-09-04";"13.184";"13.207";"13.131";"13.1791";"-0.06"
"2012-09-05";"13.1821";"13.2465";"13.1005";"13.1143";"-0.49"
"2012-09-06";"13.1175";"13.144";"13.0247";"13.0576";"-0.43"
"2012-09-07";"13.0637";"13.0906";"12.9498";"12.9815";"-0.58"
"2012-09-10";"12.9695";"13.0895";"12.9547";"13.084";"+0.79"
"2012-09-11";"13.077";"13.0863";"12.974";"12.9895";"-0.72"
"2012-09-12";"12.982";"13.0724";"12.9422";"13.0155";"+0.20"
"2012-09-13";"13.0168";"13.0463";"12.8059";"12.8153";"-1.54"
"2012-09-14";"12.8117";"12.8355";"12.7003";"12.7151";"-0.78"
"2012-09-17";"12.7246";"12.8276";"12.7142";"12.7691";"+0.42"
"2012-09-18";"12.7657";"12.8552";"12.7532";"12.7965";"+0.21"
"2012-09-19";"12.7948";"12.8667";"12.776";"12.8573";"+0.48"
"2012-09-20";"12.8625";"12.9584";"12.832";"12.858";"+0.01"
"2012-09-21";"12.858";"12.8995";"12.803";"12.854";"-0.03"
"2012-09-24";"12.8676";"12.9515";"12.8412";"12.9146";"+0.47"
"2012-09-25";"12.9163";"12.9497";"12.798";"12.8613";"-0.41"
"2012-09-26";"12.8575";"12.9448";"12.8498";"12.8697";"+0.07"
"2012-09-27";"12.8699";"12.8999";"12.8005";"12.8288";"-0.32"
"2012-09-28";"12.8242";"12.8895";"12.8086";"12.8594";"+0.24"
"2012-10-01";"12.8662";"12.9082";"12.7895";"12.8278";"-0.25"
"2012-10-02";"12.8272";"12.893";"12.8048";"12.8558";"+0.22"
"2012-10-03";"12.8545";"12.8962";"12.812";"12.8189";"-0.29"
"2012-10-04";"12.817";"12.8402";"12.7266";"12.76";"-0.46"
"2012-10-05";"12.7646";"12.8283";"12.6616";"12.7948";"+0.27"
"2012-10-08";"12.7771";"12.8845";"12.7771";"12.7992";"+0.03"
"2012-10-09";"12.7968";"12.9132";"12.766";"12.8773";"+0.61"
"2012-10-10";"12.8832";"12.9878";"12.8468";"12.9763";"+0.77"
"2012-10-11";"12.9677";"13.0003";"12.8637";"12.9126";"-0.49"
"2012-10-12";"12.902";"12.9325";"12.848";"12.873";"-0.31"
"2012-10-15";"12.862";"12.9057";"12.7943";"12.8045";"-0.53"
"2012-10-16";"12.802";"12.8668";"12.763";"12.8353";"+0.24"
"2012-10-17";"12.835";"12.8501";"12.769";"12.7875";"-0.37"
"2012-10-18";"12.7943";"12.8814";"12.7805";"12.8435";"+0.44"
"2012-10-19";"12.8374";"12.8925";"12.8299";"12.8872";"+0.34"
"2012-10-22";"12.8863";"12.9155";"12.8365";"12.8565";"-0.24"
"2012-10-23";"12.857";"13.015";"12.8515";"12.974";"+0.91"
"2012-10-24";"12.9722";"13.0502";"12.937";"12.9942";"+0.16"
"2012-10-25";"12.9927";"13.0412";"12.9096";"13.0144";"+0.16"
"2012-10-26";"13.014";"13.0793";"12.966";"12.9909";"-0.18"
"2012-10-29";"13.0024";"13.1085";"12.9965";"13.0729";"+0.63"
"2012-10-30";"13.0809";"13.1187";"13.0394";"13.0746";"+0.01"
"2012-10-31";"13.066";"13.1073";"13.023";"13.0994";"+0.19"
"2012-11-01";"13.0922";"13.1137";"13.0027";"13.0068";"-0.71"
"2012-11-02";"13.007";"13.0427";"12.9261";"13.0398";"+0.25"
"2012-11-05";"13.025";"13.074";"13.0244";"13.042";"+0.02"
"2012-11-06";"13.0385";"13.0439";"12.9295";"12.9611";"-0.62"
"2012-11-07";"12.9677";"13.0858";"12.9045";"13.0715";"+0.85"
"2012-11-08";"13.0707";"13.1826";"13.0507";"13.1789";"+0.82"
"2012-11-09";"13.176";"13.296";"13.132";"13.199";"+0.15"
"2012-11-12";"13.195";"13.237";"13.162";"13.2135";"+0.11"
"2012-11-13";"13.2107";"13.2903";"13.179";"13.2475";"+0.26"
"2012-11-14";"13.2442";"13.2868";"13.1665";"13.2755";"+0.21"
"2012-11-15";"13.2756";"13.2881";"13.2035";"13.2089";"-0.50"
"2012-11-16";"13.211";"13.2688";"13.1266";"13.1325";"-0.58"
"2012-11-19";"13.132";"13.132";"13.0525";"13.0555";"-0.59"
"2012-11-20";"13.0581";"13.0995";"12.9952";"13.0042";"-0.39"
"2012-11-21";"13.0026";"13.0664";"12.9955";"13.06";"+0.43"
"2012-11-22";"13.0541";"13.0621";"12.9891";"13.0325";"-0.21"
"2012-11-23";"13.0369";"13.0468";"12.9495";"12.9525";"-0.61"
"2012-11-26";"12.9475";"13.0235";"12.9435";"13.0198";"+0.52"
"2012-11-27";"13.0133";"13.0481";"12.9579";"13.0402";"+0.16"
"2012-11-28";"13.0385";"13.0819";"12.9663";"12.9725";"-0.52"
"2012-11-29";"12.9707";"12.9959";"12.9281";"12.9472";"-0.20"
"2012-11-30";"12.9468";"12.9597";"12.8994";"12.9503";"+0.02"
"2012-12-03";"12.9538";"12.9983";"12.8778";"12.9973";"+0.36"
"2012-12-04";"12.9951";"13.006";"12.92";"12.9473";"-0.38"
"2012-12-05";"12.9405";"12.9634";"12.9031";"12.9276";"-0.15"
"2012-12-06";"12.9252";"12.9368";"12.8593";"12.8702";"-0.44"
"2012-12-07";"12.8697";"12.9079";"12.809";"12.8495";"-0.16"
"2012-12-10";"12.8624";"12.8624";"12.7817";"12.809";"-0.32"
"2012-12-11";"12.8055";"12.8185";"12.7287";"12.7365";"-0.57"
"2012-12-12";"12.7392";"12.7757";"12.6877";"12.7425";"+0.05"
"2012-12-13";"12.746";"12.854";"12.7206";"12.7986";"+0.44"
"2012-12-14";"12.8045";"12.8345";"12.7413";"12.7413";"-0.45"
"2012-12-17";"12.7368";"12.7957";"12.7172";"12.7204";"-0.16"
"2012-12-18";"12.7192";"12.7527";"12.7029";"12.7188";"-0.01"
"2012-12-19";"12.7155";"12.7693";"12.6866";"12.7664";"+0.37"
"2012-12-20";"12.7676";"12.8018";"12.7355";"12.7613";"-0.04"
"2012-12-21";"12.7693";"12.9627";"12.7546";"12.9274";"+1.30"
"2012-12-24";"12.9353";"13.0449";"12.93";"12.9751";"+0.37"
"2012-12-25";"12.975";"13";"12.975";"12.9933";"+0.14"
"2012-12-26";"12.99";"13.0429";"12.941";"13.0156";"+0.17"
"2012-12-27";"13.0152";"13.0422";"12.9409";"12.9787";"-0.28"
"2012-12-28";"12.979";"13.0425";"12.964";"13.025";"+0.36"
"2012-12-31";"13.0169";"13.0523";"12.8388";"12.8657";"-1.22"
"2013-01-01";"12.8657";"12.88";"12.8657";"12.8747";"+0.07"
"2013-01-02";"12.875";"12.9125";"12.7285";"12.7465";"-1.00"
"2013-01-03";"12.7463";"12.8158";"12.7344";"12.8052";"+0.46"
"2013-01-04";"12.8065";"12.836";"12.7375";"12.7425";"-0.49"
"2013-01-07";"12.7308";"12.7888";"12.724";"12.7681";"+0.20"
"2013-01-08";"12.764";"12.8152";"12.736";"12.8035";"+0.28"
"2013-01-09";"12.8";"12.8096";"12.709";"12.7224";"-0.63"
"2013-01-10";"12.7127";"12.731";"12.6045";"12.607";"-0.91"
"2013-01-11";"12.611";"12.671";"12.5827";"12.6516";"+0.35"
"2013-01-14";"12.6365";"12.6815";"12.5783";"12.5937";"-0.46"
"2013-01-15";"12.5944";"12.6973";"12.5859";"12.6108";"+0.14"
"2013-01-16";"12.6125";"12.6853";"12.6003";"12.6218";"+0.09"
"2013-01-17";"12.62";"12.6445";"12.552";"12.5865";"-0.28"
"2013-01-18";"12.584";"12.6875";"12.569";"12.6625";"+0.60"
"2013-01-21";"12.6686";"12.725";"12.6555";"12.7";"+0.30"
"2013-01-22";"12.6907";"12.7137";"12.614";"12.6189";"-0.64"
"2013-01-23";"12.6204";"12.7035";"12.6126";"12.6935";"+0.59"
"2013-01-24";"12.6913";"12.7177";"12.6077";"12.6359";"-0.45"
"2013-01-25";"12.633";"12.7465";"12.6103";"12.7065";"+0.56"
"2013-01-28";"12.6918";"12.7969";"12.6766";"12.7672";"+0.48"
"2013-01-29";"12.7688";"12.7768";"12.6882";"12.7177";"-0.39"
"2013-01-30";"12.7125";"12.7635";"12.6758";"12.7187";"+0.01"
"2013-01-31";"12.7218";"12.7547";"12.6593";"12.7088";"-0.08"
"2013-02-01";"12.7074";"12.7667";"12.5823";"12.6062";"-0.81"
"2013-02-04";"12.5907";"12.7222";"12.5907";"12.7108";"+0.83"
"2013-02-05";"12.7095";"12.7194";"12.6058";"12.6318";"-0.62"
"2013-02-06";"12.6326";"12.7113";"12.6249";"12.6822";"+0.40"
"2013-02-07";"12.6817";"12.7758";"12.6373";"12.7291";"+0.37"
"2013-02-08";"12.7255";"12.756";"12.7";"12.7245";"-0.04"
"2013-02-11";"12.7275";"12.8162";"12.7233";"12.7342";"+0.08"
"2013-02-12";"12.7307";"12.7902";"12.6883";"12.6929";"-0.32"
"2013-02-13";"12.701";"12.733";"12.6525";"12.686";"-0.05"
"2013-02-14";"12.685";"12.7495";"12.6693";"12.6963";"+0.08"
"2013-02-15";"12.7027";"12.7277";"12.666";"12.6903";"-0.05"
"2013-02-18";"12.6715";"12.7045";"12.6665";"12.6853";"-0.04"
"2013-02-19";"12.6866";"12.7125";"12.6275";"12.6325";"-0.42"
"2013-02-20";"12.6314";"12.7395";"12.6213";"12.7254";"+0.74"
"2013-02-21";"12.7238";"12.8038";"12.7163";"12.7462";"+0.16"
"2013-02-22";"12.7525";"12.7805";"12.683";"12.705";"-0.32"
"2013-02-25";"12.6928";"12.8142";"12.651";"12.799";"+0.74"
"2013-02-26";"12.797";"12.8991";"12.7608";"12.8427";"+0.34"
"2013-02-27";"12.8392";"12.8902";"12.7532";"12.7646";"-0.61"
"2013-02-28";"12.764";"12.7988";"12.733";"12.7791";"+0.11"
"2013-03-01";"12.7803";"12.8719";"12.7488";"12.7587";"-0.16"
"2013-03-04";"12.7522";"12.8275";"12.7383";"12.7455";"-0.10"
"2013-03-05";"12.7424";"12.7629";"12.6894";"12.7024";"-0.34"
"2013-03-06";"12.7027";"12.7916";"12.6684";"12.7825";"+0.63"
"2013-03-07";"12.7805";"12.809";"12.745";"12.759";"-0.18"
"2013-03-08";"12.758";"12.784";"12.6174";"12.628";"-1.03"
"2013-03-11";"12.6235";"12.6475";"12.5082";"12.5404";"-0.69"
"2013-03-12";"12.5433";"12.557";"12.4174";"12.4445";"-0.76"
"2013-03-13";"12.4425";"12.4673";"12.3681";"12.4327";"-0.09"
"2013-03-14";"12.4357";"12.4797";"12.3956";"12.4234";"-0.07"
"2013-03-15";"12.4207";"12.4672";"12.405";"12.4352";"+0.09"
"2013-03-18";"12.4405";"12.5505";"12.4021";"12.4155";"-0.16"
"2013-03-19";"12.4127";"12.4728";"12.3674";"12.4384";"+0.18"
"2013-03-20";"12.4388";"12.4535";"12.3433";"12.3475";"-0.73"
"2013-03-21";"12.3515";"12.4385";"12.3235";"12.4275";"+0.65"
"2013-03-22";"12.4293";"12.4485";"12.3415";"12.3514";"-0.61"
"2013-03-25";"12.351";"12.373";"12.3191";"12.351";"0.00"
"2013-03-26";"12.356";"12.376";"12.3043";"12.3524";"+0.01"
"2013-03-27";"12.3552";"12.4272";"12.3285";"12.3362";"-0.13"
"2013-03-28";"12.3356";"12.3697";"12.3215";"12.3556";"+0.16"
"2013-03-29";"12.3575";"12.3706";"12.3082";"12.316";"-0.32"
"2013-04-01";"12.3443";"12.37";"12.2918";"12.3635";"+0.39"
"2013-04-02";"12.364";"12.373";"12.2584";"12.2755";"-0.71"
"2013-04-03";"12.2735";"12.3565";"12.2517";"12.3455";"+0.57"
"2013-04-04";"12.3456";"12.3568";"12.2728";"12.3075";"-0.31"
"2013-04-05";"12.3064";"12.4045";"12.1719";"12.1749";"-1.08"
"2013-04-08";"12.1955";"12.2205";"12.132";"12.1935";"+0.15"
"2013-04-09";"12.1951";"12.2066";"12.12";"12.1451";"-0.40"
"2013-04-10";"12.1479";"12.1659";"12.086";"12.1064";"-0.32"
"2013-04-11";"12.107";"12.1273";"12.0183";"12.045";"-0.51"
"2013-04-12";"12.0463";"12.1155";"12.0253";"12.0755";"+0.25"
"2013-04-15";"12.083";"12.302";"12.0593";"12.284";"+1.73"
"2013-04-16";"12.2817";"12.2906";"12.1241";"12.1471";"-1.11"
"2013-04-17";"12.1458";"12.2868";"12.1332";"12.2091";"+0.51"
"2013-04-18";"12.2077";"12.3347";"12.1604";"12.2729";"+0.52"
"2013-04-19";"12.2735";"12.3025";"12.187";"12.2615";"-0.09"
"2013-04-22";"12.261";"12.353";"12.2342";"12.275";"+0.11"
"2013-04-23";"12.2776";"12.3787";"12.2012";"12.2448";"-0.25"
"2013-04-24";"12.2417";"12.2966";"12.159";"12.1715";"-0.60"
"2013-04-25";"12.1709";"12.1837";"12.0858";"12.1688";"-0.02"
"2013-04-26";"12.163";"12.2065";"12.1319";"12.144";"-0.20"
"2013-04-29";"12.1385";"12.2196";"12.0784";"12.2082";"+0.53"
"2013-04-30";"12.2075";"12.217";"12.117";"12.134";"-0.61"
"2013-05-01";"12.1355";"12.2529";"12.1285";"12.1991";"+0.54"
"2013-05-02";"12.1984";"12.2101";"12.1468";"12.1728";"-0.22"
"2013-05-03";"12.174";"12.197";"12.0516";"12.074";"-0.81"
"2013-05-06";"12.0555";"12.1274";"12.0538";"12.109";"+0.29"
"2013-05-07";"12.1073";"12.1307";"12.0243";"12.0287";"-0.66"
"2013-05-08";"12.0299";"12.0775";"11.963";"11.9782";"-0.42"
"2013-05-09";"11.9762";"12.047";"11.9332";"11.995";"+0.14"
"2013-05-10";"12";"12.1711";"11.981";"12.0849";"+0.75"
"2013-05-13";"12.0711";"12.1825";"12.0635";"12.1653";"+0.67"
"2013-05-14";"12.1658";"12.215";"12.1171";"12.1949";"+0.24"
"2013-05-15";"12.1974";"12.2647";"12.1571";"12.2034";"+0.07"
"2013-05-16";"12.2087";"12.295";"12.1834";"12.275";"+0.59"
"2013-05-17";"12.2881";"12.3561";"12.2655";"12.3435";"+0.56"
"2013-05-20";"12.3299";"12.354";"12.2689";"12.2969";"-0.38"
"2013-05-21";"12.2998";"12.3941";"12.2752";"12.3358";"+0.32"
"2013-05-22";"12.3404";"12.447";"12.2184";"12.4217";"+0.70"
"2013-05-23";"12.4205";"12.5466";"12.3965";"12.3965";"-0.20"
"2013-05-24";"12.3985";"12.5663";"12.3904";"12.541";"+1.17"
"2013-05-27";"12.5099";"12.5417";"12.456";"12.4688";"-0.58"
"2013-05-28";"12.4681";"12.6415";"12.432";"12.634";"+1.32"
"2013-05-29";"12.6291";"12.7441";"12.5967";"12.6509";"+0.13"
"2013-05-30";"12.6552";"12.8505";"12.6042";"12.7931";"+1.12"
"2013-05-31";"12.7834";"12.9517";"12.7479";"12.8089";"+0.12"
"2013-06-03";"12.8067";"12.8722";"12.7225";"12.7415";"-0.53"
"2013-06-04";"12.7387";"12.8102";"12.6858";"12.7137";"-0.22"
"2013-06-05";"12.7111";"12.8701";"12.6695";"12.8568";"+1.13"
"2013-06-06";"12.8591";"12.9414";"12.7845";"12.8005";"-0.44"
"2013-06-07";"12.8079";"12.8886";"12.6731";"12.7675";"-0.26"
"2013-06-10";"12.766";"12.9177";"12.751";"12.9158";"+1.16"
"2013-06-11";"12.9155";"13.1041";"12.7795";"12.8285";"-0.68"
"2013-06-12";"12.8252";"12.9376";"12.7215";"12.9274";"+0.77"
"2013-06-13";"12.9225";"12.9583";"12.6215";"12.6275";"-2.32"
"2013-06-14";"12.625";"12.728";"12.6051";"12.7075";"+0.63"
"2013-06-17";"12.7175";"12.8815";"12.6509";"12.8355";"+1.01"
"2013-06-18";"12.8354";"12.9489";"12.8113";"12.8935";"+0.45"
"2013-06-19";"12.8947";"13.2475";"12.815";"13.2445";"+2.72"
"2013-06-20";"13.242";"13.4589";"13.1969";"13.3664";"+0.92"
"2013-06-21";"13.367";"13.4591";"13.241";"13.305";"-0.46"
"2013-06-24";"13.3103";"13.4421";"13.2322";"13.2955";"-0.07"
"2013-06-25";"13.3041";"13.3042";"13.1459";"13.2212";"-0.56"
"2013-06-26";"13.2175";"13.2625";"13.121";"13.16";"-0.46"
"2013-06-27";"13.1605";"13.167";"12.9675";"13.0212";"-1.05"
"2013-06-28";"13.019";"13.1088";"12.932";"12.946";"-0.58"
"2013-07-01";"12.9675";"12.9785";"12.864";"12.9565";"+0.08"
"2013-07-02";"12.9648";"13.112";"12.9083";"13.0526";"+0.74"
"2013-07-03";"13.043";"13.1489";"12.952";"12.9537";"-0.76"
"2013-07-04";"12.957";"12.997";"12.8295";"12.9147";"-0.30"
"2013-07-05";"12.9127";"13.159";"12.8685";"13.076";"+1.25"
"2013-07-08";"13.0762";"13.134";"12.859";"12.8837";"-1.47"
"2013-07-09";"12.8725";"12.9055";"12.8055";"12.8958";"+0.09"
"2013-07-10";"12.8987";"12.9839";"12.8551";"12.9001";"+0.03"
"2013-07-11";"12.8987";"12.9023";"12.7903";"12.8063";"-0.73"
"2013-07-12";"12.808";"12.8712";"12.783";"12.818";"+0.09"
"2013-07-15";"12.8163";"12.8212";"12.6531";"12.6672";"-1.18"
"2013-07-16";"12.6657";"12.6901";"12.5699";"12.6212";"-0.36"
"2013-07-17";"12.6253";"12.6639";"12.4582";"12.4612";"-1.27"
"2013-07-18";"12.468";"12.574";"12.4372";"12.503";"+0.34"
"2013-07-19";"12.5005";"12.5895";"12.457";"12.5325";"+0.24"
"2013-07-22";"12.5317";"12.5432";"12.481";"12.5011";"-0.25"
"2013-07-23";"12.5015";"12.5385";"12.4827";"12.4955";"-0.04"
"2013-07-24";"12.497";"12.6905";"12.4732";"12.625";"+1.04"
"2013-07-25";"12.6143";"12.6727";"12.5617";"12.6022";"-0.18"
"2013-07-26";"12.6005";"12.7461";"12.5818";"12.6775";"+0.60"
"2013-07-29";"12.6652";"12.7735";"12.6637";"12.7595";"+0.65"
"2013-07-30";"12.7542";"12.7956";"12.7252";"12.7637";"+0.03"
"2013-07-31";"12.761";"12.896";"12.7287";"12.7325";"-0.24"
"2013-08-01";"12.7355";"12.8637";"12.7242";"12.8313";"+0.78"
"2013-08-02";"12.8293";"12.8682";"12.6327";"12.6623";"-1.32"
"2013-08-05";"12.6585";"12.7051";"12.6082";"12.6435";"-0.15"
"2013-08-06";"12.641";"12.6827";"12.6064";"12.6213";"-0.18"
"2013-08-07";"12.6245";"12.7535";"12.6155";"12.7215";"+0.79"
"2013-08-08";"12.7155";"12.7545";"12.5852";"12.6045";"-0.92"
"2013-08-09";"12.602";"12.639";"12.558";"12.6175";"+0.10"
"2013-08-12";"12.6127";"12.7081";"12.5488";"12.6803";"+0.50"
"2013-08-13";"12.6853";"12.7925";"12.669";"12.7285";"+0.38"
"2013-08-14";"12.7229";"12.7748";"12.6966";"12.7384";"+0.08"
"2013-08-15";"12.7347";"12.9014";"12.6999";"12.8173";"+0.62"
"2013-08-16";"12.818";"12.9812";"12.8095";"12.9117";"+0.74"
"2013-08-19";"12.9051";"13.0885";"12.9051";"13.0812";"+1.31"
"2013-08-20";"13.0798";"13.1034";"12.9555";"12.976";"-0.80"
"2013-08-21";"12.9748";"13.2675";"12.9725";"13.26";"+2.19"
"2013-08-22";"13.259";"13.3069";"13.0868";"13.0897";"-1.28"
"2013-08-23";"13.0901";"13.1061";"12.9336";"12.956";"-1.02"
"2013-08-26";"12.9775";"13.2332";"12.9693";"13.1875";"+1.79"
"2013-08-27";"13.1879";"13.3819";"13.1785";"13.2305";"+0.33"
"2013-08-28";"13.227";"13.347";"13.222";"13.3162";"+0.65"
"2013-08-29";"13.3232";"13.3903";"13.2535";"13.3575";"+0.31"
"2013-08-30";"13.3608";"13.4018";"13.2788";"13.3803";"+0.17"
"2013-09-02";"13.3655";"13.3655";"13.238";"13.335";"-0.34"
"2013-09-03";"13.305";"13.4663";"13.299";"13.3855";"+0.38"
"2013-09-04";"13.3925";"13.4025";"13.2725";"13.3082";"-0.58"
"2013-09-05";"13.3107";"13.45";"13.3085";"13.383";"+0.56"
"2013-09-06";"13.3832";"13.4011";"13.1662";"13.1723";"-1.57"
"2013-09-09";"13.1771";"13.2276";"13.0921";"13.1053";"-0.51"
"2013-09-10";"13.1065";"13.1633";"13.0555";"13.0897";"-0.12"
"2013-09-11";"13.088";"13.1402";"13.0248";"13.0518";"-0.29"
"2013-09-12";"13.0413";"13.1442";"13.0192";"13.06";"+0.06"
"2013-09-13";"13.06";"13.137";"13.0263";"13.0425";"-0.13"
"2013-09-16";"13.0407";"13.0415";"12.8752";"12.9313";"-0.85"
"2013-09-17";"12.9307";"12.9715";"12.8982";"12.9245";"-0.05"
"2013-09-18";"12.9261";"12.9982";"12.6532";"12.6593";"-2.05"
"2013-09-19";"12.6534";"12.7577";"12.5812";"12.7022";"+0.34"
"2013-09-20";"12.7005";"12.9285";"12.6975";"12.8575";"+1.22"
"2013-09-23";"12.8535";"12.8801";"12.7658";"12.8065";"-0.40"
"2013-09-24";"12.796";"12.9565";"12.796";"12.9484";"+1.11"
"2013-09-25";"12.9448";"13.0263";"12.922";"13.0103";"+0.48"
"2013-09-26";"13.017";"13.1271";"12.944";"13.066";"+0.43"
"2013-09-27";"13.0705";"13.1973";"13.0571";"13.1397";"+0.56"
"2013-09-30";"13.1922";"13.2347";"13.0785";"13.0915";"-0.37"
"2013-10-01";"13.09";"13.1905";"13.039";"13.155";"+0.49"
"2013-10-02";"13.1563";"13.2273";"13.083";"13.114";"-0.31"
"2013-10-03";"13.1142";"13.3385";"13.0965";"13.1585";"+0.34"
"2013-10-04";"13.1621";"13.1936";"13.0605";"13.0845";"-0.56"
"2013-10-07";"13.075";"13.1904";"13.0695";"13.1387";"+0.41"
"2013-10-08";"13.1342";"13.2265";"13.0585";"13.2245";"+0.65"
"2013-10-09";"13.2235";"13.2335";"13.1513";"13.1865";"-0.29"
"2013-10-10";"13.184";"13.212";"13.0554";"13.0942";"-0.70"
"2013-10-11";"13.0976";"13.1283";"12.9855";"12.9913";"-0.79"
"2013-10-14";"12.983";"13.0807";"12.9452";"12.9934";"+0.02"
"2013-10-15";"12.9933";"13.0375";"12.9363";"12.9925";"-0.01"
"2013-10-16";"12.9906";"13.009";"12.8338";"12.8434";"-1.15"
"2013-10-17";"12.8476";"12.8785";"12.7542";"12.7797";"-0.50"
"2013-10-18";"12.7745";"12.8685";"12.754";"12.8558";"+0.60"
"2013-10-21";"12.8405";"12.9967";"12.8277";"12.9895";"+1.04"
"2013-10-22";"12.991";"13.0195";"12.836";"12.8435";"-1.12"
"2013-10-23";"12.846";"13.0053";"12.8347";"12.993";"+1.16"
"2013-10-24";"13";"13.0556";"12.9327";"12.964";"-0.22"
"2013-10-25";"12.961";"13.0085";"12.832";"12.8815";"-0.64"
"2013-10-28";"12.8799";"12.916";"12.834";"12.8769";"-0.04"
"2013-10-29";"12.8729";"12.9352";"12.8682";"12.9184";"+0.32"
"2013-10-30";"12.9268";"12.9984";"12.8268";"12.9351";"+0.13"
"2013-10-31";"12.9326";"13.0556";"12.9168";"13.0198";"+0.65"
"2013-11-01";"13.0239";"13.1055";"13.0073";"13.0615";"+0.32"
"2013-11-04";"13.0658";"13.0666";"12.9645";"12.9975";"-0.49"
"2013-11-05";"12.9987";"13.1915";"12.9815";"13.1625";"+1.27"
"2013-11-06";"13.1538";"13.1889";"13.0762";"13.178";"+0.12"
"2013-11-07";"13.1737";"13.2515";"13.0916";"13.2247";"+0.35"
"2013-11-08";"13.2295";"13.3375";"13.1368";"13.1698";"-0.42"
"2013-11-11";"13.1895";"13.2777";"13.1382";"13.2165";"+0.35"
"2013-11-12";"13.2122";"13.282";"13.1505";"13.1774";"-0.30"
"2013-11-13";"13.1713";"13.2135";"13.0132";"13.0214";"-1.18"
"2013-11-14";"13.0247";"13.1027";"12.9587";"12.9647";"-0.44"
"2013-11-15";"12.9695";"13.008";"12.9325";"12.935";"-0.23"
"2013-11-18";"12.929";"12.9372";"12.8466";"12.8937";"-0.32"
"2013-11-19";"12.889";"12.9705";"12.866";"12.9705";"+0.60"
"2013-11-20";"12.968";"13.118";"12.9082";"13.0926";"+0.94"
"2013-11-21";"13.0902";"13.148";"13.0177";"13.0265";"-0.50"
"2013-11-22";"13.0309";"13.0886";"12.9627";"12.9668";"-0.46"
"2013-11-25";"12.9737";"13.0556";"12.9507";"13.0469";"+0.62"
"2013-11-26";"13.0522";"13.1483";"13.03";"13.052";"+0.04"
"2013-11-27";"13.051";"13.1314";"13.049";"13.122";"+0.54"
"2013-11-28";"13.1195";"13.1375";"13.0402";"13.0795";"-0.32"
"2013-11-29";"13.0765";"13.1369";"13.0567";"13.1025";"+0.18"
"2013-12-02";"13.1075";"13.2306";"13.0866";"13.2155";"+0.86"
"2013-12-03";"13.2126";"13.2707";"13.0871";"13.1084";"-0.81"
"2013-12-04";"13.1082";"13.1699";"13.022";"13.0418";"-0.51"
"2013-12-05";"13.0495";"13.1143";"12.9979";"13.0907";"+0.37"
"2013-12-06";"13.089";"13.1155";"12.907";"12.9355";"-1.19"
"2013-12-09";"12.9247";"12.9247";"12.8037";"12.856";"-0.61"
"2013-12-10";"12.858";"12.8899";"12.805";"12.861";"+0.04"
"2013-12-11";"12.8595";"13.0401";"12.8363";"13.0401";"+1.39"
"2013-12-12";"13.04";"13.0989";"12.9615";"12.9678";"-0.55"
"2013-12-13";"12.9741";"13.0217";"12.8801";"12.8805";"-0.67"
"2013-12-16";"12.8816";"12.9895";"12.8794";"12.9275";"+0.36"
"2013-12-17";"12.933";"12.9868";"12.915";"12.952";"+0.19"
"2013-12-18";"12.9483";"13.0434";"12.8303";"12.8803";"-0.55"
"2013-12-19";"12.882";"13.0278";"12.8725";"12.9605";"+0.62"
"2013-12-20";"12.9668";"13.0876";"12.9365";"12.9745";"+0.11"
"2013-12-23";"12.9784";"13.0095";"12.9475";"12.9935";"+0.15"
"2013-12-24";"12.995";"13.05";"12.982";"13.0338";"+0.31"
"2013-12-25";"13.0288";"13.03";"13.0095";"13.0145";"-0.15"
"2013-12-26";"13.0145";"13.0983";"13.0145";"13.0805";"+0.51"
"2013-12-27";"13.078";"13.1371";"13.051";"13.057";"-0.18"
"2013-12-30";"13.0741";"13.104";"13.0415";"13.0685";"+0.09"
"2013-12-31";"13.064";"13.115";"13.013";"13.0365";"-0.24"
"2014-01-01";"13.0415";"13.047";"13.0365";"13.0398";"+0.03"
"2014-01-02";"13.0318";"13.1649";"13.0307";"13.1538";"+0.87"
"2014-01-03";"13.1567";"13.1608";"13.0535";"13.1035";"-0.38"
"2014-01-06";"13.1075";"13.1514";"13.0635";"13.0865";"-0.13"
"2014-01-07";"13.0835";"13.1195";"12.9955";"13.0145";"-0.55"
"2014-01-08";"13.0135";"13.1453";"12.9825";"13.1315";"+0.90"
"2014-01-09";"13.1325";"13.1626";"13.084";"13.086";"-0.35"
"2014-01-10";"13.087";"13.103";"12.962";"12.963";"-0.94"
"2014-01-13";"12.962";"13.0935";"12.9595";"13.082";"+0.92"
"2014-01-14";"13.081";"13.1465";"13.058";"13.089";"+0.05"
"2014-01-15";"13.0885";"13.224";"13.077";"13.1945";"+0.81"
"2014-01-16";"13.1955";"13.3354";"13.19";"13.274";"+0.60"
"2014-01-17";"13.273";"13.3211";"13.232";"13.245";"-0.22"
"2014-01-20";"13.247";"13.2734";"13.231";"13.2378";"-0.05"
"2014-01-21";"13.2428";"13.3557";"13.2258";"13.2767";"+0.29"
"2014-01-22";"13.275";"13.351";"13.2517";"13.3088";"+0.24"
"2014-01-23";"13.3088";"13.448";"13.3075";"13.4012";"+0.69"
"2014-01-24";"13.3935";"13.6069";"13.3765";"13.458";"+0.42"
"2014-01-27";"13.455";"13.526";"13.341";"13.366";"-0.68"
"2014-01-28";"13.3634";"13.3794";"13.2184";"13.2551";"-0.83"
"2014-01-29";"13.2551";"13.4688";"13.1833";"13.3985";"+1.08"
"2014-01-30";"13.3985";"13.4365";"13.279";"13.3652";"-0.25"
"2014-01-31";"13.364";"13.4727";"13.3083";"13.3562";"-0.07"
"2014-02-03";"13.3715";"13.553";"13.3077";"13.5415";"+1.39"
"2014-02-04";"13.5415";"13.5415";"13.319";"13.3223";"-1.62"
"2014-02-05";"13.3227";"13.391";"13.2438";"13.2918";"-0.23"
"2014-02-06";"13.2824";"13.3494";"13.1897";"13.2773";"-0.11"
"2014-02-07";"13.2712";"13.3879";"13.2577";"13.2854";"+0.06"
"2014-02-10";"13.2795";"13.339";"13.2692";"13.3262";"+0.31"
"2014-02-11";"13.3274";"13.3566";"13.2497";"13.2845";"-0.31"
"2014-02-12";"13.2835";"13.3441";"13.2603";"13.3227";"+0.29"
"2014-02-13";"13.3214";"13.3866";"13.2466";"13.262";"-0.46"
"2014-02-14";"13.2706";"13.2997";"13.2217";"13.2415";"-0.15"
"2014-02-17";"13.2363";"13.2475";"13.1828";"13.2103";"-0.24"
"2014-02-18";"13.2065";"13.253";"13.1955";"13.2365";"+0.20"
"2014-02-19";"13.2313";"13.3402";"13.2303";"13.3271";"+0.68"
"2014-02-20";"13.3275";"13.3673";"13.2595";"13.2785";"-0.36"
"2014-02-21";"13.2758";"13.3214";"13.2418";"13.2615";"-0.13"
"2014-02-24";"13.2642";"13.3027";"13.193";"13.259";"-0.02"
"2014-02-25";"13.2535";"13.2817";"13.1915";"13.2295";"-0.22"
"2014-02-26";"13.23";"13.364";"13.2158";"13.332";"+0.77"
"2014-02-27";"13.337";"13.372";"13.2518";"13.262";"-0.53"
"2014-02-28";"13.259";"13.3028";"13.214";"13.245";"-0.13"
"2014-03-03";"13.3013";"13.3522";"13.265";"13.333";"+0.66"
"2014-03-04";"13.332";"13.3322";"13.2465";"13.2817";"-0.38"
"2014-03-05";"13.2823";"13.2848";"13.225";"13.2383";"-0.33"
"2014-03-06";"13.2392";"13.248";"13.1253";"13.1522";"-0.65"
"2014-03-07";"13.1609";"13.2309";"13.115";"13.1922";"+0.30"
"2014-03-10";"13.1779";"13.2429";"13.1771";"13.215";"+0.17"
"2014-03-11";"13.2185";"13.2892";"13.205";"13.28";"+0.49"
"2014-03-12";"13.2838";"13.3194";"13.2383";"13.2432";"-0.28"
"2014-03-13";"13.2442";"13.2932";"13.179";"13.2917";"+0.37"
"2014-03-14";"13.2927";"13.312";"13.1943";"13.2088";"-0.62"
"2014-03-17";"13.2125";"13.2391";"13.1317";"13.1558";"-0.40"
"2014-03-18";"13.1568";"13.2117";"13.1457";"13.1555";"0.00"
"2014-03-19";"13.1582";"13.2975";"13.1443";"13.286";"+0.99"
"2014-03-20";"13.2973";"13.3323";"13.239";"13.2594";"-0.20"
"2014-03-21";"13.2615";"13.2823";"13.2068";"13.228";"-0.24"
"2014-03-24";"13.222";"13.2339";"13.168";"13.1785";"-0.37"
"2014-03-25";"13.1753";"13.1955";"13.1069";"13.1145";"-0.49"
"2014-03-26";"13.1105";"13.1441";"13.09";"13.1288";"+0.11"
"2014-03-27";"13.138";"13.1557";"13.061";"13.0855";"-0.33"
"2014-03-28";"13.0812";"13.1012";"13.0497";"13.0735";"-0.09"
"2014-03-31";"13.057";"13.0808";"13.0325";"13.0578";"-0.12"
"2014-04-01";"13.0653";"13.0852";"13.021";"13.051";"-0.05"
"2014-04-02";"13.0435";"13.117";"13.0375";"13.0895";"+0.29"
"2014-04-03";"13.0882";"13.1448";"13.0846";"13.1167";"+0.21"
"2014-04-04";"13.1198";"13.1358";"13.0017";"13.0029";"-0.87"
"2014-04-07";"12.9988";"13.0581";"12.9845";"13.0083";"+0.04"
"2014-04-08";"13.0072";"13.0582";"12.9403";"13.0513";"+0.33"
"2014-04-09";"13.05";"13.091";"12.9693";"12.98";"-0.55"
"2014-04-10";"12.9833";"13.0724";"12.9683";"13.0626";"+0.64"
"2014-04-11";"13.0678";"13.1312";"13.0304";"13.0425";"-0.15"
"2014-04-14";"13.018";"13.0977";"13.0099";"13.024";"-0.14"
"2014-04-15";"13.0235";"13.1237";"13.0125";"13.0961";"+0.55"
"2014-04-16";"13.1008";"13.114";"13.035";"13.0645";"-0.24"
"2014-04-17";"13.0632";"13.0853";"13.0355";"13.0472";"-0.13"
"2014-04-18";"13.0512";"13.0625";"13.0337";"13.0415";"-0.04"
"2014-04-21";"13.0546";"13.0822";"13.0183";"13.031";"-0.08"
"2014-04-22";"13.0295";"13.0709";"13.0177";"13.0583";"+0.21"
"2014-04-23";"13.0602";"13.1112";"13.047";"13.0652";"+0.05"
"2014-04-24";"13.0687";"13.1349";"13.0608";"13.0938";"+0.22"
"2014-04-25";"13.1037";"13.1577";"13.0855";"13.1305";"+0.28"
"2014-04-28";"13.1257";"13.1549";"13.1054";"13.1231";"-0.06"
"2014-04-29";"13.1239";"13.1324";"13.073";"13.1017";"-0.16"
"2014-04-30";"13.1026";"13.1163";"13.0541";"13.0792";"-0.17"
"2014-05-01";"13.0821";"13.095";"13.0375";"13.0436";"-0.27"
"2014-05-02";"13.0455";"13.0698";"12.9702";"13.015";"-0.22"
"2014-05-05";"13.0125";"13.0585";"13.0005";"13.0575";"+0.33"
"2014-05-06";"13.059";"13.065";"12.9837";"13.029";"-0.22"
"2014-05-07";"13.034";"13.051";"12.9585";"12.966";"-0.48"
"2014-05-08";"12.972";"12.9782";"12.9216";"12.9475";"-0.14"
"2014-05-09";"12.9478";"13.0095";"12.9365";"12.9472";"0.00"
"2014-05-12";"12.9502";"12.9745";"12.9297";"12.9537";"+0.05"
"2014-05-13";"12.9615";"12.9675";"12.9055";"12.9075";"-0.36"
"2014-05-14";"12.907";"12.9415";"12.8714";"12.8977";"-0.08"
"2014-05-15";"12.89";"13.001";"12.8862";"12.958";"+0.47"
"2014-05-16";"12.9624";"12.9854";"12.892";"12.9065";"-0.40"
"2014-05-19";"12.909";"12.9383";"12.8723";"12.9002";"-0.05"
"2014-05-20";"12.9002";"12.9667";"12.8796";"12.9093";"+0.07"
"2014-05-21";"12.9167";"12.9477";"12.9009";"12.928";"+0.14"
"2014-05-22";"12.9289";"12.9423";"12.8735";"12.8809";"-0.36"
"2014-05-23";"12.8807";"12.9017";"12.849";"12.8575";"-0.18"
"2014-05-26";"12.8575";"12.8747";"12.8535";"12.8715";"+0.11"
"2014-05-27";"12.8715";"12.9022";"12.8514";"12.857";"-0.11"
"2014-05-28";"12.8575";"12.8902";"12.854";"12.8746";"+0.14"
"2014-05-29";"12.8748";"12.8784";"12.8263";"12.8404";"-0.27"
"2014-05-30";"12.8405";"12.8743";"12.8391";"12.8587";"+0.14"
"2014-06-02";"12.8635";"12.9285";"12.8559";"12.9135";"+0.43"
"2014-06-03";"12.9135";"12.9762";"12.8922";"12.9395";"+0.20"
"2014-06-04";"12.9398";"12.9744";"12.9175";"12.9215";"-0.14"
"2014-06-05";"12.923";"12.9375";"12.8618";"12.867";"-0.42"
"2014-06-06";"12.8652";"12.9357";"12.8207";"12.929";"+0.48"
"2014-06-09";"12.9285";"13.0407";"12.8973";"13.032";"+0.80"
"2014-06-10";"13.0322";"13.075";"13.012";"13.0188";"-0.10"
"2014-06-11";"13.0167";"13.0655";"13.0034";"13.0101";"-0.07"
"2014-06-12";"13.0075";"13.03";"12.9625";"12.9782";"-0.25"
"2014-06-13";"12.9784";"13.0434";"12.9733";"13.0096";"+0.24"
"2014-06-16";"13.0157";"13.048";"13.0157";"13.0465";"+0.28"
"2014-06-17";"13.044";"13.1209";"13.032";"13.1147";"+0.52"
"2014-06-18";"13.1148";"13.1198";"12.9684";"12.9787";"-1.04"
"2014-06-19";"12.9759";"13.0298";"12.9653";"13.0235";"+0.35"
"2014-06-20";"13.0235";"13.0407";"12.9827";"12.9888";"-0.27"
"2014-06-23";"12.9884";"13.0367";"12.9745";"13.0291";"+0.31"
"2014-06-24";"13.0278";"13.0725";"13.0035";"13.0612";"+0.25"
"2014-06-25";"13.0623";"13.0735";"12.9977";"13.0058";"-0.42"
"2014-06-26";"13.0055";"13.0525";"12.9967";"13.0179";"+0.09"
"2014-06-27";"13.0191";"13.0295";"12.9577";"12.9625";"-0.43"
"2014-06-30";"12.9628";"13.0068";"12.9608";"12.9682";"+0.04"
"2014-07-01";"12.9667";"12.9897";"12.9362";"12.9431";"-0.19"
"2014-07-02";"12.9449";"13.0112";"12.9333";"12.9965";"+0.41"
"2014-07-03";"12.9929";"13.0496";"12.9505";"12.9561";"-0.31"
"2014-07-04";"12.945";"12.9851";"12.9446";"12.9764";"+0.16"
"2014-07-07";"12.9753";"13.0297";"12.9708";"13.0225";"+0.36"
"2014-07-08";"13.0199";"13.0292";"12.9787";"12.9859";"-0.28"
"2014-07-09";"12.9847";"13.0072";"12.9574";"12.9697";"-0.12"
"2014-07-10";"12.9721";"13.0386";"12.9656";"12.9916";"+0.17"
"2014-07-11";"12.9918";"13.0113";"12.98";"12.9959";"+0.03"
"2014-07-14";"12.9943";"12.9998";"12.9494";"12.9536";"-0.33"
"2014-07-15";"12.9546";"12.9817";"12.9257";"12.9468";"-0.05"
"2014-07-16";"12.9481";"12.9583";"12.9033";"12.9147";"-0.25"
"2014-07-17";"12.9136";"13.0129";"12.9104";"12.9999";"+0.66"
"2014-07-18";"13.0007";"13.0044";"12.9464";"12.9483";"-0.40"
"2014-07-21";"12.9468";"12.9848";"12.945";"12.971";"+0.18"
"2014-07-22";"12.9719";"12.983";"12.926";"12.945";"-0.20"
"2014-07-23";"12.9452";"12.9504";"12.9192";"12.935";"-0.08"
"2014-07-24";"12.9313";"12.9693";"12.9258";"12.9613";"+0.20"
"2014-07-25";"12.9602";"12.9706";"12.9362";"12.9433";"-0.14"
"2014-07-28";"12.9433";"13.0075";"12.9412";"13.0053";"+0.48"
"2014-07-29";"13.0053";"13.0781";"12.9983";"13.0674";"+0.48"
"2014-07-30";"13.0683";"13.1855";"13.06";"13.1538";"+0.66"
"2014-07-31";"13.1523";"13.2464";"13.1458";"13.2177";"+0.49"
"2014-08-01";"13.217";"13.2622";"13.1525";"13.1815";"-0.27"
"2014-08-04";"13.1838";"13.2188";"13.1691";"13.1952";"+0.10"
"2014-08-05";"13.197";"13.3015";"13.1738";"13.2915";"+0.73"
"2014-08-06";"13.2917";"13.3356";"13.2295";"13.2325";"-0.44"
"2014-08-07";"13.2331";"13.3054";"13.2189";"13.2787";"+0.35"
"2014-08-08";"13.2793";"13.3193";"13.2203";"13.2487";"-0.23"
"2014-08-11";"13.2462";"13.2607";"13.1621";"13.1806";"-0.51"
"2014-08-12";"13.1805";"13.2085";"13.1305";"13.136";"-0.34"
"2014-08-13";"13.135";"13.1521";"13.0915";"13.1363";"0.00"
"2014-08-14";"13.1365";"13.1425";"13.0545";"13.0712";"-0.50"
"2014-08-15";"13.0725";"13.1265";"13.0335";"13.0745";"+0.03"
"2014-08-18";"13.0771";"13.0801";"13.042";"13.0478";"-0.20"
"2014-08-19";"13.0462";"13.0675";"13.0355";"13.0475";"0.00"
"2014-08-20";"13.0464";"13.1374";"13.0431";"13.1361";"+0.68"
"2014-08-21";"13.1374";"13.1454";"13.0802";"13.1077";"-0.22"
"2014-08-22";"13.1037";"13.1545";"13.097";"13.1395";"+0.24"
"2014-08-25";"13.1384";"13.1569";"13.1164";"13.151";"+0.09"
"2014-08-26";"13.1509";"13.1679";"13.0905";"13.0976";"-0.41"
"2014-08-27";"13.0957";"13.1044";"13.0608";"13.0844";"-0.10"
"2014-08-28";"13.0849";"13.1297";"13.0765";"13.086";"+0.01"
"2014-08-29";"13.088";"13.1019";"13.0475";"13.0878";"+0.01"
"2014-09-01";"13.0865";"13.1014";"13.076";"13.0995";"+0.09"
"2014-09-02";"13.0966";"13.15";"13.0912";"13.1103";"+0.08"
"2014-09-03";"13.1098";"13.1197";"13.0725";"13.0985";"-0.09"
"2014-09-04";"13.0997";"13.1575";"13.0503";"13.1475";"+0.37"
"2014-09-05";"13.1525";"13.159";"13.0275";"13.0305";"-0.89"
"2014-09-08";"13.0345";"13.1435";"13.0298";"13.1385";"+0.83"
"2014-09-09";"13.1373";"13.2428";"13.135";"13.202";"+0.48"
"2014-09-10";"13.202";"13.264";"13.182";"13.1932";"-0.07"
"2014-09-11";"13.194";"13.2398";"13.1765";"13.2295";"+0.28"
"2014-09-12";"13.2325";"13.3002";"13.2219";"13.2535";"+0.18"
"2014-09-15";"13.253";"13.2809";"13.192";"13.2362";"-0.13"
"2014-09-16";"13.2338";"13.2582";"13.1243";"13.1595";"-0.58"
"2014-09-17";"13.1598";"13.2595";"13.1403";"13.245";"+0.65"
"2014-09-18";"13.2432";"13.2697";"13.2073";"13.236";"-0.07"
"2014-09-19";"13.2398";"13.2627";"13.1852";"13.211";"-0.19"
"2014-09-22";"13.21";"13.2945";"13.21";"13.278";"+0.51"
"2014-09-23";"13.278";"13.321";"13.2315";"13.3175";"+0.30"
"2014-09-24";"13.3167";"13.3252";"13.2645";"13.2795";"-0.29"
"2014-09-25";"13.2765";"13.4055";"13.2715";"13.3868";"+0.81"
"2014-09-26";"13.3867";"13.4867";"13.3643";"13.447";"+0.45"
"2014-09-29";"13.4409";"13.5403";"13.4409";"13.499";"+0.39"
"2014-09-30";"13.5004";"13.5104";"13.4082";"13.4277";"-0.53"
"2014-10-01";"13.4295";"13.4825";"13.4105";"13.455";"+0.20"
"2014-10-02";"13.4558";"13.47";"13.354";"13.382";"-0.54"
"2014-10-03";"13.3855";"13.5132";"13.363";"13.4862";"+0.78"
"2014-10-06";"13.49";"13.4955";"13.357";"13.3977";"-0.66"
"2014-10-07";"13.3983";"13.4836";"13.3798";"13.4752";"+0.58"
"2014-10-08";"13.4763";"13.512";"13.3015";"13.3373";"-1.02"
"2014-10-09";"13.3388";"13.4457";"13.2757";"13.4365";"+0.74"
"2014-10-10";"13.4413";"13.4882";"13.378";"13.4825";"+0.34"
"2014-10-13";"13.4698";"13.4802";"13.3867";"13.4475";"-0.26"
"2014-10-14";"13.446";"13.487";"13.388";"13.4455";"-0.01"
"2014-10-15";"13.4442";"13.6237";"13.4285";"13.5307";"+0.63"
"2014-10-16";"13.5305";"13.672";"13.5095";"13.5587";"+0.21"
"2014-10-17";"13.5604";"13.5708";"13.4817";"13.522";"-0.27"
"2014-10-20";"13.5325";"13.5505";"13.5035";"13.5335";"+0.09"
"2014-10-21";"13.5372";"13.5647";"13.4755";"13.5395";"+0.04"
"2014-10-22";"13.5381";"13.5737";"13.5165";"13.5565";"+0.13"
"2014-10-23";"13.5607";"13.5685";"13.495";"13.5625";"+0.04"
"2014-10-24";"13.5617";"13.5767";"13.517";"13.5587";"-0.03"
"2014-10-27";"13.5473";"13.6303";"13.5273";"13.54";"-0.14"
"2014-10-28";"13.54";"13.5591";"13.4335";"13.4415";"-0.73"
"2014-10-29";"13.4465";"13.514";"13.4122";"13.4978";"+0.42"
"2014-10-30";"13.4961";"13.5156";"13.417";"13.4417";"-0.42"
"2014-10-31";"13.4409";"13.4981";"13.3997";"13.4772";"+0.26"
"2014-11-03";"13.466";"13.6157";"13.4589";"13.6075";"+0.97"
"2014-11-04";"13.6075";"13.6804";"13.5415";"13.5553";"-0.38"
"2014-11-05";"13.5552";"13.6573";"13.551";"13.574";"+0.14"
"2014-11-06";"13.5725";"13.6532";"13.5535";"13.6367";"+0.46"
"2014-11-07";"13.6355";"13.6507";"13.5025";"13.5405";"-0.71"
"2014-11-10";"13.5425";"13.6167";"13.5057";"13.6075";"+0.49"
"2014-11-11";"13.6085";"13.6399";"13.572";"13.602";"-0.04"
"2014-11-12";"13.6025";"13.62";"13.548";"13.5567";"-0.33"
"2014-11-13";"13.557";"13.6397";"13.5485";"13.604";"+0.35"
"2014-11-14";"13.604";"13.6382";"13.4945";"13.534";"-0.51"
"2014-11-17";"13.5327";"13.6";"13.5247";"13.59";"+0.41"
"2014-11-18";"13.5905";"13.5937";"13.5312";"13.556";"-0.25"
"2014-11-19";"13.564";"13.6472";"13.5515";"13.6193";"+0.47"
"2014-11-20";"13.6184";"13.6526";"13.5754";"13.6509";"+0.23"
"2014-11-21";"13.6535";"13.6737";"13.598";"13.62";"-0.23"
"2014-11-24";"13.63";"13.6647";"13.6015";"13.6582";"+0.28"
"2014-11-25";"13.6603";"13.6887";"13.622";"13.6742";"+0.12"
"2014-11-26";"13.676";"13.7667";"13.6545";"13.7265";"+0.38"
"2014-11-27";"13.7255";"13.7902";"13.7017";"13.763";"+0.27"
"2014-11-28";"13.7613";"13.9585";"13.7603";"13.9367";"+1.26"
"2014-12-01";"13.925";"13.9972";"13.8705";"13.9945";"+0.41"
"2014-12-02";"13.9916";"14.1382";"13.971";"14.1005";"+0.76"
"2014-12-03";"14.1022";"14.1377";"14.063";"14.1007";"0.00"
"2014-12-04";"14.0935";"14.1687";"14.0735";"14.156";"+0.39"
"2014-12-05";"14.157";"14.4545";"14.1405";"14.359";"+1.43"
"2014-12-08";"14.3525";"14.4597";"14.2845";"14.3818";"+0.16"
"2014-12-09";"14.3817";"14.4303";"14.3395";"14.4225";"+0.28"
"2014-12-10";"14.4225";"14.5732";"14.3875";"14.5585";"+0.94"
"2014-12-11";"14.5585";"14.814";"14.4905";"14.7762";"+1.50"
"2014-12-12";"14.7769";"14.9424";"14.6555";"14.7628";"-0.09"
"2014-12-15";"14.753";"14.8235";"14.7095";"14.7585";"-0.03"
"2014-12-16";"14.7555";"14.8718";"14.6735";"14.7495";"-0.06"
"2014-12-17";"14.7465";"14.7937";"14.3732";"14.5642";"-1.26"
"2014-12-18";"14.566";"14.6037";"14.4457";"14.5765";"+0.08"
"2014-12-19";"14.5738";"14.714";"14.5047";"14.6047";"+0.19"
"2014-12-22";"14.5945";"14.6752";"14.5542";"14.6575";"+0.36"
"2014-12-23";"14.652";"14.7973";"14.632";"14.7592";"+0.69"
"2014-12-24";"14.76";"14.795";"14.6958";"14.715";"-0.30"
"2014-12-25";"14.7169";"14.7169";"14.7169";"14.7169";"+0.01"
"2014-12-26";"14.7218";"14.7425";"14.6653";"14.7075";"-0.06"
"2014-12-29";"14.721";"14.783";"14.683";"14.774";"+0.45"
"2014-12-30";"14.7685";"14.8015";"14.7195";"14.7335";"-0.27"
"2014-12-31";"14.737";"14.774";"14.696";"14.749";"+0.11"
"2015-01-01";"14.7535";"14.7535";"14.7535";"14.7535";"+0.03"
"2015-01-02";"14.743";"14.8723";"14.743";"14.8335";"+0.54"
"2015-01-05";"14.8207";"14.9865";"14.8165";"14.9415";"+0.73"
"2015-01-06";"14.9402";"14.9961";"14.8173";"14.8947";"-0.31"
"2015-01-07";"14.894";"14.9157";"14.686";"14.713";"-1.22"
"2015-01-08";"14.7103";"14.7435";"14.5953";"14.6665";"-0.32"
"2015-01-09";"14.665";"14.7117";"14.5495";"14.6015";"-0.44"
"2015-01-12";"14.5755";"14.6764";"14.5725";"14.6505";"+0.34"
"2015-01-13";"14.6515";"14.6802";"14.537";"14.614";"-0.25"
"2015-01-14";"14.613";"14.7092";"14.477";"14.485";"-0.88"
"2015-01-15";"14.4877";"14.6839";"14.4318";"14.6642";"+1.24"
"2015-01-16";"14.6636";"14.6991";"14.5564";"14.5576";"-0.73"
"2015-01-19";"14.5767";"14.672";"14.5767";"14.618";"+0.41"
"2015-01-20";"14.6241";"14.67";"14.5816";"14.6608";"+0.29"
"2015-01-21";"14.6602";"14.7957";"14.5895";"14.7543";"+0.64"
"2015-01-22";"14.7548";"14.7868";"14.5854";"14.6311";"-0.84"
"2015-01-23";"14.6283";"14.7382";"14.6065";"14.653";"+0.15"
"2015-01-26";"14.6743";"14.6906";"14.5488";"14.5738";"-0.54"
"2015-01-27";"14.5755";"14.647";"14.5502";"14.619";"+0.31"
"2015-01-28";"14.623";"14.763";"14.6192";"14.755";"+0.93"
"2015-01-29";"14.7549";"14.9009";"14.7224";"14.802";"+0.32"
"2015-01-30";"14.795";"15.068";"14.7632";"14.989";"+1.26"
"2015-02-02";"14.971";"14.9844";"14.858";"14.8672";"-0.81"
"2015-02-03";"14.8677";"14.9067";"14.644";"14.6527";"-1.44"
"2015-02-04";"14.6522";"14.908";"14.636";"14.8915";"+1.63"
"2015-02-05";"14.8922";"14.893";"14.7345";"14.7895";"-0.68"
"2015-02-06";"14.7892";"14.959";"14.7299";"14.8483";"+0.40"
"2015-02-09";"14.852";"14.8677";"14.7822";"14.8338";"-0.10"
"2015-02-10";"14.8345";"14.9895";"14.7877";"14.9565";"+0.83"
"2015-02-11";"14.956";"15.1582";"14.9252";"15.0735";"+0.78"
"2015-02-12";"15.0718";"15.0915";"14.8679";"14.9213";"-1.01"
"2015-02-13";"14.9225";"15.011";"14.8373";"14.8852";"-0.24"
"2015-02-16";"14.9155";"14.9355";"14.853";"14.925";"+0.27"
"2015-02-17";"14.9255";"14.9309";"14.817";"14.9155";"-0.06"
"2015-02-18";"14.9145";"14.9722";"14.8288";"14.8632";"-0.35"
"2015-02-19";"14.8545";"15.0372";"14.8545";"15.0022";"+0.94"
"2015-02-20";"15.001";"15.1032";"14.961";"15.0293";"+0.18"
"2015-02-23";"15.0465";"15.1344";"15.022";"15.0892";"+0.40"
"2015-02-24";"15.0873";"15.1477";"14.8618";"14.912";"-1.17"
"2015-02-25";"14.9135";"14.9486";"14.8709";"14.9302";"+0.12"
"2015-02-26";"14.9347";"15.023";"14.8218";"14.9948";"+0.43"
"2015-02-27";"14.9883";"15.0419";"14.9065";"14.9507";"-0.29"
"2015-03-02";"14.946";"15.027";"14.92";"15.0155";"+0.43"
"2015-03-03";"15.007";"15.0534";"14.9295";"14.995";"-0.14"
"2015-03-04";"14.9865";"15.1166";"14.9795";"15.0547";"+0.40"
"2015-03-05";"15.0533";"15.2615";"15.0268";"15.1945";"+0.93"
"2015-03-06";"15.19";"15.5218";"15.1717";"15.4982";"+2.00"
"2015-03-09";"15.4923";"15.528";"15.4073";"15.4743";"-0.15"
"2015-03-10";"15.473";"15.6502";"15.4605";"15.6255";"+0.98"
"2015-03-11";"15.621";"15.6683";"15.4018";"15.4945";"-0.84"
"2015-03-12";"15.4958";"15.5075";"15.349";"15.3905";"-0.67"
"2015-03-13";"15.3916";"15.5645";"15.3821";"15.4859";"+0.62"
"2015-03-16";"15.4798";"15.5187";"15.3739";"15.4177";"-0.44"
"2015-03-17";"15.4156";"15.4451";"15.3682";"15.3716";"-0.30"
"2015-03-18";"15.377";"15.4483";"14.9955";"15.0925";"-1.82"
"2015-03-19";"15.095";"15.3525";"15.088";"15.2775";"+1.23"
"2015-03-20";"15.2775";"15.285";"14.9775";"15.055";"-1.46"
"2015-03-23";"15.0507";"15.0779";"14.925";"14.93";"-0.83"
"2015-03-24";"14.927";"15.0095";"14.8675";"14.941";"+0.07"
"2015-03-25";"14.9425";"15.0023";"14.8544";"14.9913";"+0.34"
"2015-03-26";"14.9875";"15.1755";"14.9545";"15.1395";"+0.99"
"2015-03-27";"15.132";"15.24";"15.1028";"15.235";"+0.63"
"2015-03-30";"15.2295";"15.2745";"15.1888";"15.262";"+0.18"
"2015-03-31";"15.2667";"15.354";"15.213";"15.2618";"0.00"
"2015-04-01";"15.2675";"15.304";"15.0998";"15.15";"-0.73"
"2015-04-02";"15.142";"15.1608";"14.9877";"15.0013";"-0.98"
"2015-04-03";"14.9991";"15.0343";"14.7703";"14.8111";"-1.27"
"2015-04-06";"14.8161";"14.9392";"14.7579";"14.9179";"+0.72"
"2015-04-07";"14.9168";"14.9517";"14.8603";"14.9305";"+0.08"
"2015-04-08";"14.9323";"14.96";"14.8345";"14.9089";"-0.14"
"2015-04-09";"14.9039";"15.1015";"14.8705";"15.088";"+1.20"
"2015-04-10";"15.0875";"15.2346";"15.073";"15.2262";"+0.92"
"2015-04-13";"15.232";"15.4067";"15.2242";"15.3803";"+1.01"
"2015-04-14";"15.3819";"15.394";"15.1978";"15.2624";"-0.77"
"2015-04-15";"15.2675";"15.4212";"15.2055";"15.2665";"+0.03"
"2015-04-16";"15.273";"15.3239";"15.1163";"15.171";"-0.63"
"2015-04-17";"15.1691";"15.3864";"15.1188";"15.3284";"+1.04"
"2015-04-20";"15.3155";"15.4702";"15.2775";"15.4503";"+0.80"
"2015-04-21";"15.4571";"15.494";"15.3546";"15.435";"-0.10"
"2015-04-22";"15.432";"15.4796";"15.347";"15.442";"+0.05"
"2015-04-23";"15.4455";"15.4862";"15.29";"15.354";"-0.57"
"2015-04-24";"15.3602";"15.4457";"15.2957";"15.388";"+0.22"
"2015-04-27";"15.3865";"15.4328";"15.2908";"15.3514";"-0.24"
"2015-04-28";"15.3553";"15.3902";"15.1856";"15.2545";"-0.63"
"2015-04-29";"15.2555";"15.3057";"15.1423";"15.2195";"-0.23"
"2015-04-30";"15.2195";"15.4085";"15.2042";"15.3488";"+0.85"
"2015-05-01";"15.3474";"15.592";"15.3259";"15.5784";"+1.50"
"2015-05-04";"15.5843";"15.5847";"15.4294";"15.4547";"-0.79"
"2015-05-05";"15.4523";"15.4805";"15.2708";"15.3414";"-0.73"
"2015-05-06";"15.344";"15.3669";"15.2433";"15.3573";"+0.10"
"2015-05-07";"15.3581";"15.437";"15.2692";"15.3181";"-0.26"
"2015-05-08";"15.3157";"15.3227";"15.1068";"15.1173";"-1.31"
"2015-05-11";"15.1126";"15.3636";"15.1125";"15.3596";"+1.60"
"2015-05-12";"15.354";"15.4276";"15.2795";"15.3421";"-0.11"
"2015-05-13";"15.3416";"15.3431";"15.1503";"15.2645";"-0.51"
"2015-05-14";"15.262";"15.2921";"15.0673";"15.1017";"-1.07"
"2015-05-15";"15.1019";"15.15";"14.9828";"15.0053";"-0.64"
"2015-05-18";"15.0165";"15.1479";"15.0007";"15.1158";"+0.74"
"2015-05-19";"15.116";"15.2284";"15.069";"15.1823";"+0.44"
"2015-05-20";"15.1872";"15.2485";"15.125";"15.189";"+0.04"
"2015-05-21";"15.1965";"15.2651";"15.132";"15.2239";"+0.23"
"2015-05-22";"15.2214";"15.3297";"15.1841";"15.261";"+0.24"
"2015-05-25";"15.2544";"15.289";"15.2422";"15.2568";"-0.03"
"2015-05-26";"15.2531";"15.346";"15.237";"15.2969";"+0.26"
"2015-05-27";"15.298";"15.4062";"15.2577";"15.2828";"-0.09"
"2015-05-28";"15.2831";"15.4099";"15.2759";"15.3138";"+0.20"
"2015-05-29";"15.3148";"15.4425";"15.3102";"15.3775";"+0.42"
"2015-06-01";"15.3735";"15.54";"15.3735";"15.4838";"+0.69"
"2015-06-02";"15.4855";"15.5014";"15.3871";"15.4318";"-0.34"
"2015-06-03";"15.43";"15.5478";"15.4167";"15.5163";"+0.55"
"2015-06-04";"15.5165";"15.5894";"15.4903";"15.537";"+0.13"
"2015-06-05";"15.5417";"15.7728";"15.522";"15.709";"+1.11"
"2015-06-08";"15.7012";"15.7634";"15.6055";"15.6295";"-0.51"
"2015-06-09";"15.6273";"15.6628";"15.5293";"15.5777";"-0.33"
"2015-06-10";"15.5803";"15.6015";"15.4025";"15.4308";"-0.94"
"2015-06-11";"15.4333";"15.5701";"15.3454";"15.3491";"-0.53"
"2015-06-12";"15.3461";"15.4562";"15.3418";"15.4021";"+0.35"
"2015-06-15";"15.413";"15.4603";"15.4";"15.4343";"+0.21"
"2015-06-16";"15.4335";"15.4653";"15.382";"15.3904";"-0.28"
"2015-06-17";"15.3874";"15.4367";"15.2433";"15.258";"-0.86"
"2015-06-18";"15.2648";"15.3771";"15.1689";"15.3423";"+0.55"
"2015-06-19";"15.3408";"15.3716";"15.2765";"15.3467";"+0.03"
"2015-06-22";"15.3536";"15.359";"15.2795";"15.3415";"-0.03"
"2015-06-23";"15.343";"15.4426";"15.3177";"15.4003";"+0.38"
"2015-06-24";"15.396";"15.5054";"15.356";"15.4999";"+0.65"
"2015-06-25";"15.4992";"15.5208";"15.4477";"15.4821";"-0.11"
"2015-06-26";"15.482";"15.5917";"15.4761";"15.5553";"+0.47"
"2015-06-29";"15.6225";"15.7191";"15.613";"15.6884";"+0.86"
"2015-06-30";"15.6888";"15.7389";"15.6253";"15.7389";"+0.32"
"2015-07-01";"15.7306";"15.8127";"15.6933";"15.7815";"+0.27"
"2015-07-02";"15.7768";"15.8415";"15.6307";"15.6618";"-0.76"
"2015-07-03";"15.6576";"15.7569";"15.657";"15.7311";"+0.44"
"2015-07-06";"15.7553";"15.8627";"15.6915";"15.7122";"-0.12"
"2015-07-07";"15.7103";"15.8682";"15.694";"15.7878";"+0.48"
"2015-07-08";"15.7872";"15.8704";"15.7672";"15.8482";"+0.38"
"2015-07-09";"15.8488";"15.8542";"15.7318";"15.816";"-0.20"
"2015-07-10";"15.8123";"15.8203";"15.6643";"15.714";"-0.64"
"2015-07-13";"15.713";"15.8084";"15.6915";"15.7023";"-0.07"
"2015-07-14";"15.7078";"15.7663";"15.6245";"15.6655";"-0.23"
"2015-07-15";"15.6573";"15.8068";"15.632";"15.782";"+0.74"
"2015-07-16";"15.7841";"15.8392";"15.7684";"15.8324";"+0.32"
"2015-07-17";"15.8372";"15.9366";"15.791";"15.9288";"+0.61"
"2015-07-20";"15.9286";"16.0444";"15.9";"16.008";"+0.50"
"2015-07-21";"16.0155";"16.0202";"15.9362";"16.0048";"-0.02"
"2015-07-22";"15.9943";"16.1492";"15.9865";"16.095";"+0.56"
"2015-07-23";"16.0983";"16.218";"16.0388";"16.2163";"+0.75"
"2015-07-24";"16.2172";"16.3018";"16.1938";"16.2695";"+0.33"
"2015-07-27";"16.2559";"16.3459";"16.2152";"16.2917";"+0.14"
"2015-07-28";"16.2843";"16.3278";"16.2082";"16.2735";"-0.11"
"2015-07-29";"16.2725";"16.3027";"16.1613";"16.289";"+0.10"
"2015-07-30";"16.2813";"16.489";"16.1933";"16.2681";"-0.13"
"2015-07-31";"16.2734";"16.2952";"15.9989";"16.1106";"-0.97"
"2015-08-03";"16.102";"16.1852";"16.07";"16.1797";"+0.43"
"2015-08-04";"16.17";"16.3011";"16.0922";"16.2958";"+0.72"
"2015-08-05";"16.2995";"16.3999";"16.227";"16.3758";"+0.49"
"2015-08-06";"16.3766";"16.4187";"16.3068";"16.324";"-0.32"
"2015-08-07";"16.3282";"16.3608";"16.1068";"16.1538";"-1.04"
"2015-08-10";"16.15";"16.2787";"16.0858";"16.1624";"+0.05"
"2015-08-11";"16.1582";"16.3686";"16.151";"16.3145";"+0.94"
"2015-08-12";"16.3097";"16.3902";"16.1708";"16.2823";"-0.20"
"2015-08-13";"16.28";"16.4188";"16.241";"16.4026";"+0.74"
"2015-08-14";"16.3967";"16.4339";"16.3304";"16.3756";"-0.16"
"2015-08-17";"16.3672";"16.48";"16.3672";"16.4271";"+0.31"
"2015-08-18";"16.4361";"16.4741";"16.3893";"16.4002";"-0.16"
"2015-08-19";"16.4025";"16.6317";"16.37";"16.6188";"+1.33"
"2015-08-20";"16.6188";"16.8198";"16.587";"16.8023";"+1.10"
"2015-08-21";"16.8142";"16.9957";"16.7828";"16.9877";"+1.10"
"2015-08-24";"16.9928";"17.2499";"16.982";"17.2032";"+1.27"
"2015-08-25";"17.2053";"17.2243";"16.8952";"17.208";"+0.03"
"2015-08-26";"17.2015";"17.3065";"16.9878";"17.0058";"-1.18"
"2015-08-27";"17.0062";"17.0464";"16.783";"16.8776";"-0.75"
"2015-08-28";"16.8804";"16.9542";"16.701";"16.7519";"-0.74"
"2015-08-31";"16.7469";"16.9146";"16.659";"16.7522";"0.00"
"2015-09-01";"16.75";"16.9925";"16.724";"16.9692";"+1.30"
"2015-09-02";"16.967";"16.9914";"16.8057";"16.8262";"-0.84"
"2015-09-03";"16.8172";"16.9437";"16.736";"16.802";"-0.14"
"2015-09-04";"16.793";"16.962";"16.764";"16.9486";"+0.87"
"2015-09-07";"16.9493";"17.0243";"16.8901";"16.9917";"+0.25"
"2015-09-08";"16.9875";"16.9935";"16.7477";"16.8253";"-0.98"
"2015-09-09";"16.8217";"16.8552";"16.7188";"16.8235";"-0.01"
"2015-09-10";"16.8232";"16.9952";"16.6938";"16.7763";"-0.28"
"2015-09-11";"16.7792";"16.8783";"16.7231";"16.8376";"+0.37"
"2015-09-14";"16.8286";"16.8604";"16.7343";"16.754";"-0.50"
"2015-09-15";"16.7549";"16.7912";"16.6834";"16.6901";"-0.38"
"2015-09-16";"16.6904";"16.6992";"16.5413";"16.5517";"-0.83"
"2015-09-17";"16.5594";"16.6255";"16.3698";"16.6";"+0.29"
"2015-09-18";"16.598";"16.67";"16.4252";"16.6535";"+0.32"
"2015-09-21";"16.632";"16.7582";"16.5558";"16.6632";"+0.06"
"2015-09-22";"16.6632";"16.9166";"16.63";"16.8891";"+1.36"
"2015-09-23";"16.8872";"17.1515";"16.8295";"17.1155";"+1.34"
"2015-09-24";"17.114";"17.3429";"16.791";"16.8701";"-1.43"
"2015-09-25";"16.8763";"17.031";"16.7098";"16.9725";"+0.61"
"2015-09-28";"16.9621";"17.128";"16.9146";"17.0738";"+0.60"
"2015-09-29";"17.0724";"17.146";"16.954";"17.0253";"-0.28"
"2015-09-30";"17.0263";"17.0377";"16.8535";"16.9193";"-0.62"
"2015-10-01";"16.9228";"16.933";"16.7817";"16.9208";"+0.01"
"2015-10-02";"16.9211";"17.022";"16.7168";"16.7597";"-0.95"
"2015-10-05";"16.7738";"16.7966";"16.5782";"16.7959";"+0.22"
"2015-10-06";"16.7885";"16.8467";"16.6258";"16.6517";"-0.86"
"2015-10-07";"16.6547";"16.674";"16.4903";"16.6517";"0.00"
"2015-10-08";"16.6541";"16.6901";"16.4536";"16.4604";"-1.15"
"2015-10-09";"16.4616";"16.4943";"16.3713";"16.432";"-0.17"
"2015-10-12";"16.4263";"16.4997";"16.391";"16.46";"+0.17"
"2015-10-13";"16.4668";"16.6692";"16.4668";"16.6563";"+1.19"
"2015-10-14";"16.6588";"16.6612";"16.4375";"16.4734";"-1.10"
"2015-10-15";"16.4625";"16.4889";"16.3215";"16.39";"-0.51"
"2015-10-16";"16.3837";"16.5022";"16.343";"16.4268";"+0.22"
"2015-10-19";"16.4184";"16.5341";"16.3549";"16.4892";"+0.38"
"2015-10-20";"16.4913";"16.62";"16.45";"16.5641";"+0.45"
"2015-10-21";"16.5497";"16.7106";"16.5439";"16.6561";"+0.56"
"2015-10-22";"16.6578";"16.6619";"16.4573";"16.4783";"-1.07"
"2015-10-23";"16.4781";"16.6152";"16.3875";"16.5937";"+0.70"
"2015-10-26";"16.5857";"16.5924";"16.4662";"16.5329";"-0.37"
"2015-10-27";"16.535";"16.6121";"16.5002";"16.543";"+0.06"
"2015-10-28";"16.5464";"16.655";"16.4225";"16.6385";"+0.58"
"2015-10-29";"16.6375";"16.6937";"16.579";"16.6323";"-0.04"
"2015-10-30";"16.6379";"16.6406";"16.483";"16.5";"-0.80"
"2015-11-02";"16.5047";"16.5348";"16.4357";"16.4422";"-0.35"
"2015-11-03";"16.4387";"16.5099";"16.3637";"16.3982";"-0.27"
"2015-11-04";"16.4017";"16.5632";"16.356";"16.5395";"+0.86"
"2015-11-05";"16.5327";"16.6278";"16.508";"16.6041";"+0.39"
"2015-11-06";"16.6103";"16.8854";"16.5972";"16.8003";"+1.18"
"2015-11-09";"16.8279";"16.9213";"16.7555";"16.7735";"-0.16"
"2015-11-10";"16.7713";"16.8462";"16.7117";"16.7553";"-0.11"
"2015-11-11";"16.7514";"16.7662";"16.6472";"16.7309";"-0.15"
"2015-11-12";"16.7337";"16.8186";"16.6882";"16.7353";"+0.03"
"2015-11-13";"16.7352";"16.794";"16.6682";"16.6829";"-0.31"
"2015-11-16";"16.6817";"16.8388";"16.6746";"16.7701";"+0.52"
"2015-11-17";"16.7696";"16.8028";"16.7058";"16.7228";"-0.28"
"2015-11-18";"16.7195";"16.8282";"16.693";"16.7386";"+0.09"
"2015-11-19";"16.7385";"16.7437";"16.5485";"16.621";"-0.70"
"2015-11-20";"16.6182";"16.6599";"16.4555";"16.5335";"-0.53"
"2015-11-23";"16.5247";"16.6365";"16.4838";"16.5476";"+0.09"
"2015-11-24";"16.5493";"16.5661";"16.4342";"16.5353";"-0.07"
"2015-11-25";"16.5387";"16.59";"16.487";"16.5024";"-0.20"
"2015-11-26";"16.4972";"16.5712";"16.491";"16.5641";"+0.37"
"2015-11-27";"16.5607";"16.6318";"16.5357";"16.6246";"+0.37"
"2015-11-30";"16.6302";"16.6323";"16.5467";"16.5745";"-0.30"
"2015-12-01";"16.5733";"16.5835";"16.4677";"16.5206";"-0.33"
"2015-12-02";"16.5265";"16.6243";"16.4999";"16.5687";"+0.29"
"2015-12-03";"16.5657";"16.7545";"16.5212";"16.7134";"+0.87"
"2015-12-04";"16.7131";"16.7774";"16.6481";"16.6559";"-0.34"
"2015-12-07";"16.6585";"16.9763";"16.6575";"16.8889";"+1.40"
"2015-12-08";"16.8919";"17.0792";"16.882";"17.027";"+0.82"
"2015-12-09";"17.0275";"17.1037";"16.9215";"17.0635";"+0.21"
"2015-12-10";"17.0689";"17.2159";"17.0316";"17.1968";"+0.78"
"2015-12-11";"17.1916";"17.4371";"17.1782";"17.392";"+1.14"
"2015-12-14";"17.323";"17.4681";"17.2875";"17.3095";"-0.47"
"2015-12-15";"17.3168";"17.3572";"17.107";"17.11";"-1.15"
"2015-12-16";"17.118";"17.1998";"16.8978";"16.985";"-0.73"
"2015-12-17";"16.987";"17.1612";"16.9272";"17.05";"+0.38"
"2015-12-18";"17.0465";"17.1487";"16.9542";"17.145";"+0.56"
"2015-12-21";"17.1303";"17.2345";"17.0325";"17.1602";"+0.09"
"2015-12-22";"17.1532";"17.2377";"17.093";"17.1898";"+0.17"
"2015-12-23";"17.1921";"17.2527";"17.1537";"17.225";"+0.20"
"2015-12-24";"17.2212";"17.3217";"17.205";"17.225";"0.00"
"2015-12-25";"17.23";"17.2342";"17.23";"17.23";"+0.03"
"2015-12-28";"17.2248";"17.3095";"17.223";"17.2498";"+0.11"
"2015-12-29";"17.2462";"17.2787";"17.1555";"17.25";"0.00"
"2015-12-30";"17.2463";"17.4056";"17.2448";"17.3825";"+0.77"
"2015-12-31";"17.3845";"17.4237";"17.18";"17.18";"-1.16"
"2016-01-01";"17.18";"17.18";"17.18";"17.18";"0.00"
"2016-01-04";"17.2118";"17.3941";"17.1931";"17.3099";"+0.76"
"2016-01-05";"17.302";"17.3803";"17.25";"17.3387";"+0.17"
"2016-01-06";"17.35";"17.5676";"17.3255";"17.54";"+1.16"
"2016-01-07";"17.537";"17.855";"17.5115";"17.855";"+1.80"
"2016-01-08";"17.8534";"17.9772";"17.705";"17.935";"+0.45"
"2016-01-11";"17.9254";"18.011";"17.7802";"17.885";"-0.28"
"2016-01-12";"17.885";"17.9802";"17.727";"17.895";"+0.06"
"2016-01-13";"17.9009";"17.9592";"17.7628";"17.949";"+0.30"
"2016-01-14";"17.9528";"18.0157";"17.8427";"17.8823";"-0.37"
"2016-01-15";"17.8808";"18.3297";"17.847";"18.262";"+2.12"
"2016-01-18";"18.2694";"18.311";"18.162";"18.2095";"-0.29"
"2016-01-19";"18.2022";"18.2994";"18.039";"18.2784";"+0.38"
"2016-01-20";"18.2714";"18.6802";"18.2512";"18.525";"+1.35"
"2016-01-21";"18.5217";"18.801";"18.4188";"18.7283";"+1.10"
"2016-01-22";"18.7253";"18.7622";"18.3625";"18.435";"-1.57"
"2016-01-25";"18.4408";"18.6481";"18.4078";"18.605";"+0.92"
"2016-01-26";"18.607";"18.6842";"18.3872";"18.465";"-0.75"
"2016-01-27";"18.468";"18.556";"18.3462";"18.47";"+0.03"
"2016-01-28";"18.47";"18.4874";"18.197";"18.33";"-0.76"
"2016-01-29";"18.3391";"18.3589";"18.1085";"18.11";"-1.20"
"2016-02-01";"18.1045";"18.412";"18.1045";"18.2387";"+0.71"
"2016-02-02";"18.2348";"18.5442";"18.2174";"18.4805";"+1.33"
"2016-02-03";"18.4787";"18.6135";"18.1515";"18.1707";"-1.68"
"2016-02-04";"18.1725";"18.3459";"18.0189";"18.28";"+0.60"
"2016-02-05";"18.275";"18.4747";"18.163";"18.4448";"+0.90"
"2016-02-08";"18.4408";"18.7995";"18.3615";"18.6736";"+1.24"
"2016-02-09";"18.672";"18.9332";"18.628";"18.8037";"+0.70"
"2016-02-10";"18.805";"18.9612";"18.625";"18.935";"+0.70"
"2016-02-11";"18.9427";"19.4502";"18.9026";"19.15";"+1.14"
"2016-02-12";"19.15";"19.2402";"18.889";"18.91";"-1.25"
"2016-02-15";"18.9222";"18.9805";"18.7867";"18.8324";"-0.41"
"2016-02-16";"18.825";"18.8981";"18.7133";"18.885";"+0.28"
"2016-02-17";"18.884";"18.9546";"17.9605";"18.361";"-2.77"
"2016-02-18";"18.3675";"18.4047";"18.0627";"18.29";"-0.39"
"2016-02-19";"18.2892";"18.364";"18.1493";"18.225";"-0.36"
"2016-02-22";"18.2338";"18.247";"17.9922";"18.075";"-0.82"
"2016-02-23";"18.0757";"18.2502";"18.032";"18.2108";"+0.75"
"2016-02-24";"18.2182";"18.3798";"18.1398";"18.215";"+0.02"
"2016-02-25";"18.209";"18.252";"18.0607";"18.1271";"-0.48"
"2016-02-26";"18.1298";"18.2882";"17.98";"18.2766";"+0.82"
"2016-02-29";"18.2849";"18.3236";"18.0443";"18.135";"-0.77"
"2016-03-01";"18.1409";"18.1742";"17.8458";"17.915";"-1.21"
"2016-03-02";"17.9189";"17.9842";"17.7885";"17.82";"-0.53"
"2016-03-03";"17.8187";"18.0012";"17.8104";"17.9215";"+0.57"
"2016-03-04";"17.9255";"17.9774";"17.7357";"17.76";"-0.90"
"2016-03-07";"17.7639";"17.8814";"17.6965";"17.755";"-0.03"
"2016-03-08";"17.744";"17.9445";"17.7359";"17.9299";"+0.99"
"2016-03-09";"17.931";"17.9485";"17.6992";"17.7623";"-0.93"
"2016-03-10";"17.758";"17.9507";"17.612";"17.8141";"+0.29"
"2016-03-11";"17.8064";"17.8521";"17.6541";"17.6964";"-0.66"
"2016-03-14";"17.6869";"17.8302";"17.6823";"17.7484";"+0.29"
"2016-03-15";"17.7506";"17.9822";"17.7385";"17.885";"+0.77"
"2016-03-16";"17.8932";"17.9997";"17.595";"17.6";"-1.59"
"2016-03-17";"17.6044";"17.6401";"17.31";"17.32";"-1.59"
"2016-03-18";"17.3115";"17.4365";"17.2233";"17.3922";"+0.42"
"2016-03-21";"17.3915";"17.4972";"17.3577";"17.4149";"+0.13"
"2016-03-22";"17.4135";"17.5286";"17.3017";"17.3331";"-0.47"
"2016-03-23";"17.3437";"17.6161";"17.3295";"17.5887";"+1.47"
"2016-03-24";"17.5897";"17.6997";"17.55";"17.6118";"+0.13"
"2016-03-25";"17.6154";"17.6224";"17.5283";"17.5376";"-0.42"
"2016-03-28";"17.5687";"17.5979";"17.4098";"17.435";"-0.59"
"2016-03-29";"17.4297";"17.5541";"17.2736";"17.3399";"-0.55"
"2016-03-30";"17.3472";"17.36";"17.1705";"17.2325";"-0.62"
"2016-03-31";"17.2294";"17.3785";"17.0945";"17.2806";"+0.28"
"2016-04-01";"17.2892";"17.4958";"17.249";"17.33";"+0.29"
"2016-04-04";"17.3324";"17.4977";"17.302";"17.49";"+0.92"
"2016-04-05";"17.4792";"17.7788";"17.4642";"17.6891";"+1.14"
"2016-04-06";"17.6923";"17.8502";"17.6161";"17.6531";"-0.20"
"2016-04-07";"17.6499";"17.9549";"17.6016";"17.8753";"+1.26"
"2016-04-08";"17.8864";"17.8982";"17.6998";"17.775";"-0.56"
"2016-04-11";"17.7815";"17.8405";"17.5855";"17.6448";"-0.73"
"2016-04-12";"17.645";"17.6778";"17.4344";"17.4817";"-0.92"
"2016-04-13";"17.4798";"17.5653";"17.4203";"17.4307";"-0.29"
"2016-04-14";"17.431";"17.584";"17.3155";"17.4462";"+0.09"
"2016-04-15";"17.4462";"17.6035";"17.382";"17.5624";"+0.67"
"2016-04-18";"17.5407";"17.758";"17.4098";"17.4382";"-0.71"
"2016-04-19";"17.4362";"17.4505";"17.224";"17.3122";"-0.72"
"2016-04-20";"17.3002";"17.382";"17.192";"17.2788";"-0.19"
"2016-04-21";"17.2805";"17.5235";"17.2349";"17.467";"+1.09"
"2016-04-22";"17.472";"17.516";"17.3762";"17.4777";"+0.06"
"2016-04-25";"17.4252";"17.64";"17.4252";"17.5605";"+0.47"
"2016-04-26";"17.5564";"17.5994";"17.3436";"17.3708";"-1.08"
"2016-04-27";"17.3808";"17.487";"17.294";"17.324";"-0.27"
"2016-04-28";"17.3249";"17.42";"17.1837";"17.272";"-0.30"
"2016-04-29";"17.2722";"17.2724";"17.0457";"17.175";"-0.56"
"2016-05-02";"17.1789";"17.2662";"17.1059";"17.2014";"+0.15"
"2016-05-03";"17.2049";"17.6217";"17.165";"17.6065";"+2.36"
"2016-05-04";"17.6372";"17.8398";"17.5972";"17.7995";"+1.10"
"2016-05-05";"17.7917";"17.9142";"17.631";"17.8942";"+0.53"
"2016-05-06";"17.894";"18.167";"17.815";"17.8813";"-0.07"
"2016-05-09";"17.8686";"18.2165";"17.8347";"18.202";"+1.79"
"2016-05-10";"18.2049";"18.22";"17.9558";"17.9905";"-1.16"
"2016-05-11";"17.9815";"18.148";"17.878";"17.9946";"+0.02"
"2016-05-12";"17.9895";"18.0505";"17.8647";"17.974";"-0.11"
"2016-05-13";"17.9795";"18.22";"17.9457";"18.1668";"+1.07"
"2016-05-16";"18.1905";"18.3335";"18.0908";"18.3055";"+0.76"
"2016-05-17";"18.3";"18.3857";"18.2025";"18.27";"-0.19"
"2016-05-18";"18.2681";"18.4894";"18.2681";"18.4386";"+0.92"
"2016-05-19";"18.44";"18.6085";"18.417";"18.4235";"-0.08"
"2016-05-20";"18.422";"18.46";"18.3245";"18.342";"-0.44"
"2016-05-23";"18.3445";"18.5291";"18.3055";"18.518";"+0.96"
"2016-05-24";"18.5242";"18.5892";"18.4127";"18.4803";"-0.20"
"2016-05-25";"18.4855";"18.508";"18.3183";"18.484";"+0.02"
"2016-05-26";"18.4912";"18.5135";"18.3528";"18.455";"-0.16"
"2016-05-27";"18.4645";"18.5406";"18.3797";"18.4562";"+0.01"
"2016-05-30";"18.4575";"18.5123";"18.45";"18.4843";"+0.15"
"2016-05-31";"18.4765";"18.495";"18.3763";"18.4684";"-0.09"
"2016-06-01";"18.461";"18.6215";"18.437";"18.5238";"+0.30"
"2016-06-02";"18.5257";"18.6817";"18.478";"18.674";"+0.81"
"2016-06-03";"18.684";"18.7352";"18.4972";"18.5925";"-0.44"
"2016-06-06";"18.6046";"18.6775";"18.5312";"18.6675";"+0.40"
"2016-06-07";"18.662";"18.7077";"18.347";"18.3587";"-1.65"
"2016-06-08";"18.3583";"18.4037";"18.0685";"18.1199";"-1.30"
"2016-06-09";"18.118";"18.3112";"18.087";"18.247";"+0.70"
"2016-06-10";"18.2465";"18.7515";"18.2385";"18.63";"+2.10"
"2016-06-13";"18.632";"18.8575";"18.6075";"18.8405";"+1.13"
"2016-06-14";"18.8384";"19.0309";"18.8293";"18.9309";"+0.48"
"2016-06-15";"18.9272";"18.957";"18.752";"18.9122";"-0.10"
"2016-06-16";"18.9075";"19.0985";"18.8617";"18.9435";"+0.17"
"2016-06-17";"18.939";"18.9535";"18.7757";"18.8425";"-0.53"
"2016-06-20";"18.8373";"18.8373";"18.603";"18.6575";"-0.98"
"2016-06-21";"18.665";"18.697";"18.5305";"18.623";"-0.18"
"2016-06-22";"18.63";"18.7275";"18.4728";"18.495";"-0.69"
"2016-06-23";"18.4935";"18.496";"18.2027";"18.225";"-1.46"
"2016-06-24";"18.2329";"19.5281";"18.1162";"18.931";"+3.87"
"2016-06-27";"18.9355";"19.2605";"18.8163";"19.1815";"+1.32"
"2016-06-28";"19.1779";"19.2023";"18.7619";"18.8279";"-1.84"
"2016-06-29";"18.831";"18.856";"18.47";"18.486";"-1.82"
"2016-06-30";"18.4958";"18.6722";"18.1767";"18.28";"-1.11"
"2016-07-01";"18.2772";"18.4383";"18.112";"18.3553";"+0.41"
"2016-07-04";"18.3588";"18.443";"18.3126";"18.419";"+0.35"
"2016-07-05";"18.4245";"18.843";"18.412";"18.8185";"+2.17"
"2016-07-06";"18.8245";"18.9505";"18.7142";"18.733";"-0.45"
"2016-07-07";"18.7377";"18.942";"18.5957";"18.831";"+0.52"
"2016-07-08";"18.8285";"18.9121";"18.4525";"18.5038";"-1.74"
"2016-07-11";"18.5017";"18.6138";"18.3538";"18.467";"-0.20"
"2016-07-12";"18.467";"18.492";"18.2675";"18.341";"-0.68"
"2016-07-13";"18.338";"18.442";"18.2452";"18.369";"+0.15"
"2016-07-14";"18.369";"18.39";"18.204";"18.355";"-0.08"
"2016-07-15";"18.355";"18.626";"18.3137";"18.6197";"+1.44"
"2016-07-18";"18.5635";"18.576";"18.3521";"18.38";"-1.29"
"2016-07-19";"18.3798";"18.6378";"18.3485";"18.5";"+0.65"
"2016-07-20";"18.5018";"18.6899";"18.452";"18.6758";"+0.95"
"2016-07-21";"18.6795";"18.6952";"18.5305";"18.5711";"-0.56"
"2016-07-22";"18.568";"18.645";"18.496";"18.5475";"-0.13"
"2016-07-25";"18.5398";"18.7952";"18.5147";"18.7782";"+1.24"
"2016-07-26";"18.776";"18.8575";"18.718";"18.7755";"-0.01"
"2016-07-27";"18.779";"18.9305";"18.7407";"18.8265";"+0.27"
"2016-07-28";"18.8205";"18.9425";"18.7536";"18.8925";"+0.35"
"2016-07-29";"18.8935";"18.982";"18.716";"18.7525";"-0.74"
"2016-08-01";"18.7499";"18.8981";"18.6508";"18.8669";"+0.61"
"2016-08-02";"18.866";"18.9857";"18.7945";"18.937";"+0.37"
"2016-08-03";"18.9425";"19.0105";"18.8787";"18.882";"-0.29"
"2016-08-04";"18.8855";"18.937";"18.8002";"18.9088";"+0.14"
"2016-08-05";"18.9087";"18.943";"18.7255";"18.7572";"-0.80"
"2016-08-08";"18.764";"18.775";"18.518";"18.555";"-1.08"
"2016-08-09";"18.5577";"18.6017";"18.3687";"18.4365";"-0.64"
"2016-08-10";"18.431";"18.4522";"18.2772";"18.4174";"-0.10"
"2016-08-11";"18.4194";"18.4749";"18.1544";"18.229";"-1.02"
"2016-08-12";"18.2342";"18.3232";"18.1274";"18.2612";"+0.18"
"2016-08-15";"18.2397";"18.2612";"17.9923";"18.0775";"-1.01"
"2016-08-16";"18.075";"18.1072";"17.8977";"18.061";"-0.09"
"2016-08-17";"18.0699";"18.3345";"18.0362";"18.1355";"+0.41"
"2016-08-18";"18.136";"18.2002";"17.9942";"18.188";"+0.29"
"2016-08-19";"18.188";"18.4102";"18.169";"18.2184";"+0.17"
"2016-08-22";"18.245";"18.378";"18.2145";"18.29";"+0.39"
"2016-08-23";"18.2904";"18.5738";"18.2004";"18.5689";"+1.52"
"2016-08-24";"18.5627";"18.6327";"18.432";"18.457";"-0.60"
"2016-08-25";"18.4642";"18.4942";"18.358";"18.365";"-0.50"
"2016-08-26";"18.3615";"18.6045";"18.1578";"18.6015";"+1.29"
"2016-08-29";"18.5682";"18.659";"18.53";"18.625";"+0.13"
"2016-08-30";"18.6302";"18.8632";"18.5767";"18.8046";"+0.96"
"2016-08-31";"18.8087";"18.9002";"18.755";"18.7851";"-0.10"
"2016-09-01";"18.785";"18.935";"18.7425";"18.75";"-0.19"
"2016-09-02";"18.755";"18.827";"18.549";"18.58";"-0.91"
"2016-09-05";"18.5645";"18.585";"18.4555";"18.565";"-0.08"
"2016-09-06";"18.569";"18.6142";"18.257";"18.273";"-1.57"
"2016-09-07";"18.273";"18.435";"18.2557";"18.382";"+0.60"
"2016-09-08";"18.3888";"18.716";"18.2655";"18.67";"+1.57"
"2016-09-09";"18.6645";"18.9255";"18.648";"18.912";"+1.30"
"2016-09-12";"18.8815";"19.182";"18.797";"18.814";"-0.52"
"2016-09-13";"18.819";"19.221";"18.8067";"19.08";"+1.41"
"2016-09-14";"19.077";"19.288";"19.0007";"19.274";"+1.02"
"2016-09-15";"19.2757";"19.398";"19.152";"19.347";"+0.38"
"2016-09-16";"19.347";"19.7812";"19.265";"19.602";"+1.32"
"2016-09-19";"19.6125";"19.713";"19.466";"19.69";"+0.45"
"2016-09-20";"19.6883";"19.905";"19.5988";"19.815";"+0.63"
"2016-09-21";"19.815";"19.915";"19.655";"19.74";"-0.38"
"2016-09-22";"19.74";"19.756";"19.503";"19.615";"-0.63"
"2016-09-23";"19.6227";"19.8452";"19.61";"19.79";"+0.89"
"2016-09-26";"19.78";"19.925";"19.7305";"19.875";"+0.43"
"2016-09-27";"19.875";"19.9232";"19.375";"19.39";"-2.44"
"2016-09-28";"19.39";"19.5594";"19.3225";"19.37";"-0.10"
"2016-09-29";"19.37";"19.565";"19.324";"19.525";"+0.80"
"2016-09-30";"19.53";"19.6742";"19.3";"19.385";"-0.72"
"2016-10-03";"19.3642";"19.4145";"19.196";"19.287";"-0.51"
"2016-10-04";"19.287";"19.4102";"19.155";"19.326";"+0.20"
"2016-10-05";"19.326";"19.3812";"19.195";"19.21";"-0.60"
"2016-10-06";"19.21";"19.3029";"19.1987";"19.2375";"+0.14"
"2016-10-07";"19.24";"19.3862";"19.187";"19.2943";"+0.30"
"2016-10-10";"18.996";"19.0755";"18.789";"18.929";"-1.89"
"2016-10-11";"18.929";"19.0052";"18.825";"18.905";"-0.13"
"2016-10-12";"18.91";"19.02";"18.848";"18.91";"+0.03"
"2016-10-13";"18.9148";"19.105";"18.885";"18.9269";"+0.09"
"2016-10-14";"18.927";"19.0542";"18.842";"19.01";"+0.44"
"2016-10-17";"18.994";"19.058";"18.849";"18.855";"-0.82"
"2016-10-18";"18.855";"18.8782";"18.595";"18.6105";"-1.30"
"2016-10-19";"18.61";"18.6942";"18.505";"18.513";"-0.52"
"2016-10-20";"18.52";"18.6753";"18.45";"18.62";"+0.58"
"2016-10-21";"18.6155";"18.725";"18.572";"18.5888";"-0.17"
"2016-10-24";"18.6048";"18.6315";"18.506";"18.555";"-0.18"
"2016-10-25";"18.5578";"18.567";"18.474";"18.525";"-0.16"
"2016-10-26";"18.53";"18.7436";"18.5";"18.689";"+0.89"
"2016-10-27";"18.694";"18.89";"18.688";"18.841";"+0.81"
"2016-10-28";"18.8455";"19.1097";"18.695";"18.9685";"+0.68"
"2016-10-31";"18.955";"19.0383";"18.7875";"18.864";"-0.55"
"2016-11-01";"18.864";"19.275";"18.7752";"19.191";"+1.73"
"2016-11-02";"19.2005";"19.4717";"19.1655";"19.367";"+0.92"
"2016-11-03";"19.367";"19.55";"19.109";"19.175";"-0.99"
"2016-11-04";"19.175";"19.263";"18.93";"19.023";"-0.79"
"2016-11-07";"18.705";"18.7222";"18.5507";"18.5935";"-2.26"
"2016-11-08";"18.6005";"18.6725";"18.3";"18.3075";"-1.54"
"2016-11-09";"18.3075";"20.775";"18.1525";"19.847";"+8.41"
"2016-11-10";"19.8615";"20.7695";"19.7235";"20.5815";"+3.70"
"2016-11-11";"20.5963";"21.415";"20.5098";"20.7303";"+0.72"
"2016-11-14";"20.6215";"21.1128";"20.6005";"20.7035";"-0.13"
"2016-11-15";"20.7172";"20.7508";"20.1988";"20.2712";"-2.09"
"2016-11-16";"20.2713";"20.5264";"20.1432";"20.2095";"-0.30"
"2016-11-17";"20.206";"20.472";"20.1055";"20.425";"+1.07"
"2016-11-18";"20.43";"20.76";"20.292";"20.635";"+1.03"
"2016-11-21";"20.63";"20.662";"20.4162";"20.4538";"-0.88"
"2016-11-22";"20.44";"20.6417";"20.274";"20.5885";"+0.66"
"2016-11-23";"20.594";"20.79";"20.549";"20.645";"+0.27"
"2016-11-24";"20.65";"20.8017";"20.612";"20.7415";"+0.47"
"2016-11-25";"20.7555";"20.773";"20.588";"20.6915";"-0.24"
"2016-11-28";"20.659";"20.683";"20.491";"20.633";"-0.28"
"2016-11-29";"20.648";"20.7428";"20.583";"20.617";"-0.08"
"2016-11-30";"20.617";"20.672";"20.437";"20.572";"-0.22"
"2016-12-01";"20.5735";"20.8825";"20.4715";"20.7675";"+0.95"
"2016-12-02";"20.785";"20.8747";"20.562";"20.6275";"-0.67"
"2016-12-05";"20.622";"20.74";"20.538";"20.592";"-0.17"
"2016-12-06";"20.592";"20.6002";"20.307";"20.396";"-0.95"
"2016-12-07";"20.396";"20.425";"20.215";"20.333";"-0.31"
"2016-12-08";"20.3395";"20.5115";"20.2825";"20.3025";"-0.15"
"2016-12-09";"20.3075";"20.5049";"20.2845";"20.3938";"+0.45"
"2016-12-12";"20.3747";"20.3974";"20.1417";"20.2153";"-0.88"
"2016-12-13";"20.2196";"20.3027";"20.178";"20.2805";"+0.32"
"2016-12-14";"20.28";"20.503";"20.174";"20.471";"+0.94"
"2016-12-15";"20.471";"20.6907";"20.298";"20.3345";"-0.67"
"2016-12-16";"20.335";"20.4942";"20.3021";"20.4365";"+0.50"
"2016-12-19";"20.4425";"20.5161";"20.362";"20.388";"-0.24"
"2016-12-20";"20.3985";"20.4865";"20.3625";"20.4613";"+0.36"
"2016-12-21";"20.4665";"20.6046";"20.4192";"20.5562";"+0.46"
"2016-12-22";"20.5562";"20.839";"20.544";"20.756";"+0.97"
"2016-12-23";"20.761";"20.809";"20.593";"20.6135";"-0.69"
"2016-12-26";"20.6025";"20.673";"20.583";"20.6337";"+0.10"
"2016-12-27";"20.616";"20.7837";"20.5847";"20.7518";"+0.57"
"2016-12-28";"20.7622";"20.7992";"20.698";"20.752";"0.00"
"2016-12-29";"20.7667";"20.7722";"20.642";"20.7275";"-0.12"
"2016-12-30";"20.7392";"20.747";"20.585";"20.7275";"0.00"
"2017-01-02";"20.6895";"20.7703";"20.68";"20.7352";"+0.04"
"2017-01-03";"20.732";"21.1286";"20.6715";"21.111";"+1.81"
"2017-01-04";"21.1156";"21.6287";"21.0176";"21.4347";"+1.53"
"2017-01-05";"21.4394";"21.6166";"21.1166";"21.4247";"-0.05"
"2017-01-06";"21.4298";"21.479";"21.205";"21.229";"-0.91"
"2017-01-09";"21.2525";"21.3904";"21.1997";"21.379";"+0.71"
"2017-01-10";"21.3796";"21.8428";"21.361";"21.804";"+1.99"
"2017-01-11";"21.801";"22.034";"21.7352";"21.861";"+0.26"
"2017-01-12";"21.861";"21.9672";"21.565";"21.785";"-0.35"
"2017-01-13";"21.79";"21.8432";"21.475";"21.475";"-1.42"
"2017-01-16";"21.5235";"21.745";"21.504";"21.735";"+1.21"
"2017-01-17";"21.736";"21.736";"21.468";"21.504";"-1.06"
"2017-01-18";"21.5134";"22.0153";"21.489";"21.929";"+1.98"
"2017-01-19";"21.926";"22.0351";"21.8405";"21.955";"+0.12"
"2017-01-20";"21.96";"22.001";"21.524";"21.5945";"-1.64"
"2017-01-23";"21.565";"21.57";"21.2584";"21.393";"-0.93"
"2017-01-24";"21.39";"21.5331";"21.2415";"21.528";"+0.63"
"2017-01-25";"21.5325";"21.5968";"20.929";"21.0765";"-2.10"
"2017-01-26";"21.0735";"21.3595";"20.8585";"21.216";"+0.66"
"2017-01-27";"21.221";"21.3892";"20.85";"20.895";"-1.51"
"2017-01-30";"20.8706";"20.9285";"20.6495";"20.789";"-0.51"
"2017-01-31";"20.777";"20.902";"20.654";"20.834";"+0.22"
"2017-02-01";"20.834";"20.845";"20.6535";"20.7085";"-0.60"
"2017-02-02";"20.7075";"20.7437";"20.425";"20.5479";"-0.78"
"2017-02-03";"20.5553";"20.6092";"20.2838";"20.3878";"-0.78"
"2017-02-06";"20.3772";"20.6573";"20.3102";"20.5682";"+0.88"
"2017-02-07";"20.5682";"20.7475";"20.537";"20.6225";"+0.26"
"2017-02-08";"20.6228";"20.6848";"20.434";"20.481";"-0.69"
"2017-02-09";"20.481";"20.5397";"20.297";"20.3495";"-0.64"
"2017-02-10";"20.355";"20.42";"20.244";"20.347";"-0.01"
"2017-02-13";"20.3295";"20.3893";"20.2545";"20.282";"-0.32"
"2017-02-14";"20.2758";"20.4232";"20.196";"20.26";"-0.11"
"2017-02-15";"20.257";"20.4531";"20.227";"20.278";"+0.09"
"2017-02-16";"20.275";"20.4167";"20.242";"20.3835";"+0.52"
"2017-02-17";"20.3912";"20.557";"20.3788";"20.4378";"+0.27"
"2017-02-20";"20.423";"20.5485";"20.3652";"20.3735";"-0.31"
"2017-02-21";"20.3735";"20.495";"19.9245";"20.0113";"-1.78"
"2017-02-22";"20.008";"20.1027";"19.836";"19.9073";"-0.52"
"2017-02-23";"19.9043";"19.9848";"19.6015";"19.6667";"-1.21"
"2017-02-24";"19.6665";"19.9189";"19.6288";"19.9103";"+1.24"
"2017-02-27";"19.874";"19.989";"19.737";"19.906";"-0.02"
"2017-02-28";"19.9085";"20.1141";"19.8555";"20.1075";"+1.01"
"2017-03-01";"20.1075";"20.166";"19.717";"19.811";"-1.47"
"2017-03-02";"19.808";"20.032";"19.777";"20.002";"+0.96"
"2017-03-03";"20.007";"20.1066";"19.5025";"19.51";"-2.46"
"2017-03-06";"19.5109";"19.644";"19.431";"19.615";"+0.54"
"2017-03-07";"19.6208";"19.66";"19.427";"19.495";"-0.61"
"2017-03-08";"19.495";"19.7042";"19.44";"19.6715";"+0.91"
"2017-03-09";"19.6735";"19.9047";"19.6525";"19.8385";"+0.85"
"2017-03-10";"19.8397";"19.8773";"19.5682";"19.6062";"-1.17"
"2017-03-13";"19.5922";"19.6553";"19.5363";"19.6191";"+0.07"
"2017-03-14";"19.6211";"19.7281";"19.5695";"19.665";"+0.23"
"2017-03-15";"19.666";"19.6871";"19.1905";"19.216";"-2.28"
"2017-03-16";"19.2177";"19.2662";"19.047";"19.266";"+0.26"
"2017-03-17";"19.2665";"19.2797";"19.0635";"19.0765";"-0.98"
"2017-03-20";"19.0814";"19.1896";"18.973";"19.0131";"-0.33"
"2017-03-21";"19.0055";"19.165";"18.9367";"19.1019";"+0.47"
"2017-03-22";"19.096";"19.2397";"19.014";"19.0255";"-0.40"
"2017-03-23";"19.0227";"19.1197";"18.916";"18.93";"-0.50"
"2017-03-24";"18.9295";"18.9805";"18.747";"18.7575";"-0.91"
"2017-03-27";"18.7613";"18.9775";"18.753";"18.8905";"+0.71"
"2017-03-28";"18.8926";"19.0399";"18.8112";"19.0252";"+0.71"
"2017-03-29";"19.0313";"19.0385";"18.685";"18.7092";"-1.66"
"2017-03-30";"18.7086";"18.7722";"18.6085";"18.719";"+0.05"
"2017-03-31";"18.7205";"18.865";"18.662";"18.725";"+0.03"
"2017-04-03";"18.7155";"18.7791";"18.664";"18.664";"-0.33"
"2017-04-04";"18.677";"18.9504";"18.669";"18.822";"+0.85"
"2017-04-05";"18.824";"18.85";"18.6815";"18.82";"-0.01"
"2017-04-06";"18.8225";"18.9027";"18.713";"18.7405";"-0.42"
"2017-04-07";"18.7455";"18.8852";"18.619";"18.6688";"-0.38"
"2017-04-10";"18.652";"18.7497";"18.61";"18.6787";"+0.05"
"2017-04-11";"18.678";"18.8222";"18.672";"18.7813";"+0.55"
"2017-04-12";"18.7783";"18.8112";"18.5409";"18.5513";"-1.22"
"2017-04-13";"18.5561";"18.6505";"18.5138";"18.5885";"+0.20"
"2017-04-14";"18.5895";"18.606";"18.4991";"18.5038";"-0.46"
"2017-04-17";"18.5223";"18.6028";"18.4903";"18.498";"-0.03"
"2017-04-18";"18.492";"18.6187";"18.452";"18.594";"+0.52"
"2017-04-19";"18.591";"18.902";"18.578";"18.849";"+1.37"
"2017-04-20";"18.844";"18.8866";"18.7494";"18.788";"-0.32"
"2017-04-21";"18.794";"18.9";"18.785";"18.8125";"+0.13"
"2017-04-24";"18.6145";"18.738";"18.4652";"18.733";"-0.42"
"2017-04-25";"18.7345";"19.0025";"18.7034";"18.8555";"+0.65"
"2017-04-26";"18.8545";"19.2962";"18.8537";"19.183";"+1.74"
"2017-04-27";"19.187";"19.2351";"18.9011";"19.0257";"-0.82"
"2017-04-28";"19.0195";"19.1042";"18.813";"18.82";"-1.08"
"2017-05-01";"18.8125";"18.851";"18.7205";"18.7386";"-0.43"
"2017-05-02";"18.735";"18.8483";"18.6743";"18.7593";"+0.11"
"2017-05-03";"18.7685";"18.874";"18.75";"18.866";"+0.57"
"2017-05-04";"18.8545";"19.092";"18.825";"19.053";"+0.99"
"2017-05-05";"19.058";"19.1342";"18.958";"18.9995";"-0.28"
"2017-05-08";"18.9835";"19.217";"18.9119";"19.211";"+1.11"
"2017-05-09";"19.211";"19.2662";"19.101";"19.1715";"-0.21"
"2017-05-10";"19.171";"19.185";"18.935";"19.014";"-0.82"
"2017-05-11";"19.016";"19.041";"18.83";"18.832";"-0.96"
"2017-05-12";"18.8331";"18.9072";"18.7352";"18.8157";"-0.09"
"2017-05-15";"18.769";"18.8007";"18.6265";"18.6995";"-0.62"
"2017-05-16";"18.697";"18.7584";"18.585";"18.6425";"-0.30"
"2017-05-17";"18.6411";"18.7877";"18.6029";"18.7812";"+0.74"
"2017-05-18";"18.7852";"19.217";"18.761";"18.829";"+0.25"
"2017-05-19";"18.829";"18.8692";"18.6235";"18.7052";"-0.66"
"2017-05-22";"18.7075";"18.7482";"18.555";"18.6646";"-0.22"
"2017-05-23";"18.6725";"18.7251";"18.576";"18.634";"-0.16"
"2017-05-24";"18.6365";"18.7027";"18.443";"18.443";"-1.03"
"2017-05-25";"18.445";"18.552";"18.3372";"18.506";"+0.34"
"2017-05-26";"18.5085";"18.5342";"18.4205";"18.518";"+0.06"
"2017-05-29";"18.5012";"18.5515";"18.446";"18.4772";"-0.22"
"2017-05-30";"18.4742";"18.7083";"18.4635";"18.7083";"+1.25"
"2017-05-31";"18.6908";"18.7726";"18.606";"18.6212";"-0.47"
"2017-06-01";"18.6212";"18.6693";"18.55";"18.6392";"+0.10"
"2017-06-02";"18.638";"18.744";"18.5535";"18.685";"+0.25"
"2017-06-05";"18.7142";"18.823";"18.325";"18.343";"-1.83"
"2017-06-06";"18.348";"18.4405";"18.212";"18.236";"-0.58"
"2017-06-07";"18.2383";"18.293";"18.1615";"18.2267";"-0.05"
"2017-06-08";"18.2237";"18.259";"18.159";"18.201";"-0.14"
"2017-06-09";"18.206";"18.249";"18.118";"18.172";"-0.16"
"2017-06-12";"18.144";"18.212";"18.107";"18.1362";"-0.20"
"2017-06-13";"18.1353";"18.1609";"18.0243";"18.055";"-0.45"
"2017-06-14";"18.0432";"18.0595";"17.892";"17.9205";"-0.74"
"2017-06-15";"17.913";"18.162";"17.9095";"18.048";"+0.71"
"2017-06-16";"18.0413";"18.0915";"17.8985";"17.9115";"-0.76"
"2017-06-19";"17.9177";"18.0077";"17.9025";"17.9575";"+0.26"
"2017-06-20";"17.9597";"18.2415";"17.9295";"18.1895";"+1.29"
"2017-06-21";"18.1872";"18.3152";"18.1194";"18.2342";"+0.25"
"2017-06-22";"18.243";"18.2515";"18.0335";"18.1115";"-0.67"
"2017-06-23";"18.1128";"18.1602";"17.936";"17.9996";"-0.62"
"2017-06-26";"18.0053";"18.019";"17.8115";"17.872";"-0.71"
"2017-06-27";"17.8612";"18.0715";"17.8175";"17.991";"+0.67"
"2017-06-28";"17.99";"18.0796";"17.8415";"17.8525";"-0.77"
"2017-06-29";"17.8455";"18.135";"17.799";"18.045";"+1.08"
"2017-06-30";"18.0453";"18.165";"17.9645";"18.1278";"+0.46"
"2017-07-03";"18.1371";"18.255";"18.0855";"18.2205";"+0.51"
"2017-07-04";"18.219";"18.2642";"18.163";"18.202";"-0.10"
"2017-07-05";"18.1982";"18.4078";"18.155";"18.3025";"+0.55"
"2017-07-06";"18.3108";"18.4097";"18.2215";"18.2605";"-0.23"
"2017-07-07";"18.2669";"18.3148";"18.0685";"18.0875";"-0.95"
"2017-07-10";"18.0866";"18.0908";"17.8855";"17.9556";"-0.73"
"2017-07-11";"17.9567";"18.0545";"17.8945";"17.907";"-0.27"
"2017-07-12";"17.9013";"17.951";"17.7235";"17.7803";"-0.71"
"2017-07-13";"17.7737";"17.8134";"17.6655";"17.678";"-0.58"
"2017-07-14";"17.679";"17.721";"17.531";"17.563";"-0.65"
"2017-07-17";"17.5515";"17.624";"17.5282";"17.587";"+0.14"
"2017-07-18";"17.5896";"17.595";"17.466";"17.4794";"-0.61"
"2017-07-19";"17.482";"17.5715";"17.447";"17.5475";"+0.39"
"2017-07-20";"17.5615";"17.65";"17.483";"17.486";"-0.35"
"2017-07-21";"17.4872";"17.6648";"17.4758";"17.6597";"+0.99"
"2017-07-24";"17.6138";"17.768";"17.597";"17.73";"+0.40"
"2017-07-25";"17.7267";"17.8097";"17.671";"17.777";"+0.27"
"2017-07-26";"17.7711";"17.8076";"17.58";"17.59";"-1.05"
"2017-07-27";"17.5931";"17.7709";"17.5549";"17.7251";"+0.77"
"2017-07-28";"17.7298";"17.8475";"17.6735";"17.7805";"+0.31"
"2017-07-31";"17.7777";"17.9017";"17.7405";"17.8013";"+0.12"
"2017-08-01";"17.796";"17.8933";"17.736";"17.89";"+0.50"
"2017-08-02";"17.8919";"17.9718";"17.7848";"17.8178";"-0.40"
"2017-08-03";"17.816";"17.905";"17.787";"17.845";"+0.15"
"2017-08-04";"17.8335";"17.9085";"17.7925";"17.8875";"+0.24"
"2017-08-07";"17.8783";"17.9966";"17.8526";"17.9271";"+0.22"
"2017-08-08";"17.9299";"17.9681";"17.8451";"17.8526";"-0.42"
"2017-08-09";"17.8561";"18.065";"17.843";"17.9485";"+0.54"
"2017-08-10";"17.9495";"17.9909";"17.8675";"17.9727";"+0.13"
"2017-08-11";"17.9727";"18.0402";"17.778";"17.8275";"-0.81"
"2017-08-14";"17.8135";"17.8304";"17.7325";"17.772";"-0.31"
"2017-08-15";"17.7718";"17.8913";"17.7575";"17.8065";"+0.19"
"2017-08-16";"17.8108";"17.8305";"17.6595";"17.6646";"-0.80"
"2017-08-17";"17.6645";"17.8827";"17.637";"17.8475";"+1.04"
"2017-08-18";"17.8517";"17.9475";"17.692";"17.7107";"-0.77"
"2017-08-21";"17.7108";"17.7604";"17.6342";"17.6552";"-0.31"
"2017-08-22";"17.6515";"17.6955";"17.6092";"17.6602";"+0.03"
"2017-08-23";"17.657";"17.8472";"17.648";"17.687";"+0.15"
"2017-08-24";"17.69";"17.755";"17.6357";"17.728";"+0.23"
"2017-08-25";"17.728";"17.734";"17.5735";"17.616";"-0.63"
"2017-08-28";"17.6095";"17.878";"17.6095";"17.875";"+1.47"
"2017-08-29";"17.8772";"17.9792";"17.8155";"17.84";"-0.20"
"2017-08-30";"17.8417";"17.903";"17.7127";"17.715";"-0.70"
"2017-08-31";"17.7152";"17.898";"17.71";"17.887";"+0.97"
"2017-09-01";"17.8938";"17.914";"17.76";"17.816";"-0.40"
"2017-09-04";"17.859";"17.9286";"17.8027";"17.873";"+0.32"
"2017-09-05";"17.8752";"17.97";"17.7694";"17.9015";"+0.16"
"2017-09-06";"17.901";"17.9132";"17.7545";"17.7915";"-0.61"
"2017-09-07";"17.7905";"17.7976";"17.642";"17.6725";"-0.67"
"2017-09-08";"17.675";"17.7675";"17.6148";"17.71";"+0.21"
"2017-09-11";"17.7107";"17.735";"17.628";"17.6675";"-0.24"
"2017-09-12";"17.665";"17.822";"17.653";"17.73";"+0.35"
"2017-09-13";"17.7273";"17.815";"17.698";"17.7493";"+0.11"
"2017-09-14";"17.749";"17.835";"17.6337";"17.6661";"-0.47"
"2017-09-15";"17.665";"17.7342";"17.6296";"17.662";"-0.02"
"2017-09-18";"17.6672";"17.7855";"17.605";"17.7645";"+0.58"
"2017-09-19";"17.7627";"17.8485";"17.726";"17.7995";"+0.20"
"2017-09-20";"17.8011";"17.8666";"17.6395";"17.7673";"-0.18"
"2017-09-21";"17.7645";"17.913";"17.7585";"17.882";"+0.65"
"2017-09-22";"17.883";"17.9015";"17.7258";"17.748";"-0.75"
"2017-09-25";"17.7478";"17.9425";"17.7415";"17.9295";"+1.02"
"2017-09-26";"17.932";"18.0575";"17.877";"17.9565";"+0.15"
"2017-09-27";"17.9565";"18.2184";"17.93";"18.209";"+1.41"
"2017-09-28";"18.209";"18.302";"18.1355";"18.1625";"-0.26"
"2017-09-29";"18.163";"18.2652";"18.0865";"18.255";"+0.51"
"2017-10-02";"18.2495";"18.3354";"18.1997";"18.2314";"-0.13"
"2017-10-03";"18.2284";"18.3141";"18.18";"18.217";"-0.08"
"2017-10-04";"18.222";"18.281";"18.143";"18.268";"+0.28"
"2017-10-05";"18.2705";"18.5057";"18.2255";"18.4945";"+1.24"
"2017-10-06";"18.497";"18.6375";"18.479";"18.5533";"+0.32"
"2017-10-09";"18.5401";"18.7035";"18.5401";"18.673";"+0.65"
"2017-10-10";"18.672";"18.8585";"18.5545";"18.8295";"+0.84"
"2017-10-11";"18.835";"18.8455";"18.6855";"18.7095";"-0.64"
"2017-10-12";"18.7095";"18.919";"18.6825";"18.9075";"+1.06"
"2017-10-13";"18.908";"18.9952";"18.8235";"18.915";"+0.04"
"2017-10-16";"18.9623";"19.141";"18.9089";"19.035";"+0.63"
"2017-10-17";"19.032";"19.152";"18.7235";"18.771";"-1.39"
"2017-10-18";"18.771";"18.935";"18.7259";"18.862";"+0.48"
"2017-10-19";"18.859";"18.892";"18.7627";"18.808";"-0.29"
"2017-10-20";"18.808";"19.06";"18.7835";"18.99";"+0.97"
"2017-10-23";"18.98";"19.115";"18.9535";"19.079";"+0.47"
"2017-10-24";"19.0795";"19.2585";"19.0435";"19.2325";"+0.80"
"2017-10-25";"19.2332";"19.2851";"18.9815";"19.0405";"-1.00"
"2017-10-26";"19.0375";"19.222";"18.9475";"19.206";"+0.87"
"2017-10-27";"19.2056";"19.331";"19.0985";"19.135";"-0.37"
"2017-10-30";"19.1515";"19.3137";"19.0727";"19.2405";"+0.55"
"2017-10-31";"19.2352";"19.2827";"19.101";"19.149";"-0.48"
"2017-11-01";"19.1519";"19.2165";"19.048";"19.068";"-0.42"
"2017-11-02";"19.073";"19.1247";"18.9072";"18.9849";"-0.44"
"2017-11-03";"18.9913";"19.2485";"18.9684";"19.2025";"+1.15"
"2017-11-06";"19.19";"19.2026";"19.0115";"19.0235";"-0.93"
"2017-11-07";"19.0235";"19.215";"19.0155";"19.1553";"+0.69"
"2017-11-08";"19.152";"19.163";"19.045";"19.09";"-0.34"
"2017-11-09";"19.0827";"19.1692";"19.0225";"19.0395";"-0.26"
"2017-11-10";"19.0425";"19.1305";"19.0015";"19.1125";"+0.38"
"2017-11-13";"19.1003";"19.1991";"19.0827";"19.1295";"+0.09"
"2017-11-14";"19.1295";"19.195";"19.0472";"19.1675";"+0.20"
"2017-11-15";"19.168";"19.3785";"19.0995";"19.251";"+0.44"
"2017-11-16";"19.2514";"19.2577";"19.0385";"19.059";"-1.00"
"2017-11-17";"19.057";"19.1141";"18.8985";"18.914";"-0.76"
"2017-11-20";"18.9175";"19.062";"18.915";"18.9937";"+0.42"
"2017-11-21";"18.9935";"19.0444";"18.7655";"18.7745";"-1.15"
"2017-11-22";"18.7745";"18.8447";"18.603";"18.642";"-0.71"
"2017-11-23";"18.6435";"18.6937";"18.5955";"18.6215";"-0.11"
"2017-11-24";"18.632";"18.6958";"18.524";"18.575";"-0.25"
"2017-11-27";"18.559";"18.614";"18.4462";"18.5848";"+0.05"
"2017-11-28";"18.583";"18.667";"18.5205";"18.543";"-0.22"
"2017-11-29";"18.54";"18.5747";"18.485";"18.567";"+0.13"
"2017-11-30";"18.564";"18.679";"18.513";"18.631";"+0.34"
"2017-12-01";"18.628";"18.722";"18.5475";"18.6259";"-0.03"
"2017-12-04";"18.6175";"18.7145";"18.6035";"18.6115";"-0.08"
"2017-12-05";"18.6115";"18.7889";"18.576";"18.7575";"+0.78"
"2017-12-06";"18.761";"18.9284";"18.734";"18.866";"+0.58"
"2017-12-07";"18.871";"19.0003";"18.859";"18.972";"+0.56"
"2017-12-08";"18.978";"18.9803";"18.871";"18.933";"-0.21"
"2017-12-11";"18.922";"19.064";"18.9047";"19.058";"+0.66"
"2017-12-12";"19.06";"19.2263";"19.044";"19.173";"+0.60"
"2017-12-13";"19.1698";"19.2248";"18.9838";"19.0128";"-0.84"
"2017-12-14";"19.016";"19.155";"18.977";"19.1535";"+0.74"
"2017-12-15";"19.154";"19.187";"19.074";"19.1315";"-0.11"
"2017-12-18";"19.116";"19.1322";"19.001";"19.082";"-0.26"
"2017-12-19";"19.082";"19.2454";"19.036";"19.2085";"+0.66"
"2017-12-20";"19.2115";"19.2805";"19.1755";"19.2065";"-0.01"
"2017-12-21";"19.2065";"19.5392";"19.206";"19.466";"+1.35"
"2017-12-22";"19.466";"19.7642";"19.442";"19.732";"+1.37"
"2017-12-25";"19.731";"19.7557";"19.7201";"19.7401";"+0.04"
"2017-12-26";"19.7343";"19.914";"19.549";"19.867";"+0.64"
"2017-12-27";"19.8695";"19.8934";"19.678";"19.69";"-0.89"
"2017-12-28";"19.69";"19.799";"19.6245";"19.7163";"+0.13"
"2017-12-29";"19.72";"19.737";"19.5482";"19.653";"-0.32"
"2018-01-01";"19.6575";"19.66";"19.6575";"19.66";"+0.04"
"2018-01-02";"19.6711";"19.6735";"19.4426";"19.5413";"-0.60"
"2018-01-03";"19.537";"19.5442";"19.329";"19.351";"-0.97"
"2018-01-04";"19.347";"19.3867";"19.2035";"19.2895";"-0.32"
"2018-01-05";"19.2935";"19.4095";"19.169";"19.181";"-0.56"
"2018-01-08";"19.1765";"19.2996";"19.1685";"19.225";"+0.23"
"2018-01-09";"19.2235";"19.3555";"19.1845";"19.2387";"+0.07"
"2018-01-10";"19.2403";"19.4183";"19.163";"19.291";"+0.27"
"2018-01-11";"19.2913";"19.4367";"19.219";"19.2705";"-0.11"
"2018-01-12";"19.2785";"19.2862";"18.986";"19.04";"-1.20"
"2018-01-15";"19.047";"19.0597";"18.7895";"18.8555";"-0.97"
"2018-01-16";"18.8515";"18.8952";"18.743";"18.7705";"-0.45"
"2018-01-17";"18.7699";"18.838";"18.5768";"18.7147";"-0.30"
"2018-01-18";"18.712";"18.8107";"18.593";"18.607";"-0.58"
"2018-01-19";"18.609";"18.666";"18.546";"18.613";"+0.03"
"2018-01-22";"18.6147";"18.7781";"18.5705";"18.6842";"+0.38"
"2018-01-23";"18.68";"18.883";"18.672";"18.694";"+0.05"
"2018-01-24";"18.6966";"18.7177";"18.453";"18.5005";"-1.04"
"2018-01-25";"18.5066";"18.655";"18.3035";"18.605";"+0.56"
"2018-01-26";"18.608";"18.632";"18.4135";"18.4844";"-0.65"
"2018-01-29";"18.4822";"18.6864";"18.4822";"18.612";"+0.69"
"2018-01-30";"18.6025";"18.7892";"18.5644";"18.771";"+0.85"
"2018-01-31";"18.7695";"18.7825";"18.5675";"18.6";"-0.91"
"2018-02-01";"18.5955";"18.6715";"18.308";"18.349";"-1.35"
"2018-02-02";"18.3538";"18.6612";"18.3227";"18.5983";"+1.36"
"2018-02-05";"18.604";"18.859";"18.524";"18.779";"+0.97"
"2018-02-06";"18.776";"18.9362";"18.5787";"18.604";"-0.93"
"2018-02-07";"18.6";"18.808";"18.5888";"18.798";"+1.04"
"2018-02-08";"18.7955";"18.9746";"18.6875";"18.896";"+0.52"
"2018-02-09";"18.901";"18.97";"18.676";"18.71";"-0.98"
"2018-02-12";"18.7115";"18.7308";"18.5895";"18.603";"-0.57"
"2018-02-13";"18.6132";"18.6838";"18.5685";"18.6635";"+0.33"
"2018-02-14";"18.6593";"18.7847";"18.532";"18.587";"-0.41"
"2018-02-15";"18.5858";"18.5858";"18.4282";"18.5012";"-0.46"
"2018-02-16";"18.51";"18.56";"18.4546";"18.519";"+0.10"
"2018-02-19";"18.484";"18.576";"18.4583";"18.534";"+0.08"
"2018-02-20";"18.5287";"18.7417";"18.5147";"18.7072";"+0.93"
"2018-02-21";"18.7054";"18.8727";"18.6095";"18.8375";"+0.70"
"2018-02-22";"18.83";"18.8592";"18.599";"18.611";"-1.20"
"2018-02-23";"18.612";"18.6515";"18.5218";"18.535";"-0.41"
"2018-02-26";"18.5502";"18.7222";"18.5456";"18.6785";"+0.77"
"2018-02-27";"18.6697";"18.8505";"18.6309";"18.8447";"+0.89"
"2018-02-28";"18.8498";"18.8897";"18.7727";"18.8403";"-0.02"
"2018-03-01";"18.8402";"18.9527";"18.7842";"18.8403";"0.00"
"2018-03-02";"18.8412";"18.985";"18.7925";"18.8";"-0.21"
"2018-03-05";"18.81";"18.9634";"18.775";"18.7962";"-0.02"
"2018-03-06";"18.7962";"18.8002";"18.652";"18.7387";"-0.31"
"2018-03-07";"18.7397";"18.9039";"18.6965";"18.714";"-0.13"
"2018-03-08";"18.7095";"18.7779";"18.6115";"18.6605";"-0.29"
"2018-03-09";"18.6637";"18.6814";"18.507";"18.608";"-0.28"
"2018-03-12";"18.6136";"18.685";"18.5568";"18.5877";"-0.11"
"2018-03-13";"18.5828";"18.6517";"18.498";"18.6062";"+0.10"
"2018-03-14";"18.6105";"18.6305";"18.5185";"18.5845";"-0.12"
"2018-03-15";"18.5905";"18.7599";"18.5699";"18.6999";"+0.62"
"2018-03-16";"18.6992";"18.773";"18.6743";"18.6898";"-0.05"
"2018-03-19";"18.6968";"18.8499";"18.6857";"18.7069";"+0.09"
"2018-03-20";"18.702";"18.8107";"18.6937";"18.7673";"+0.32"
"2018-03-21";"18.769";"18.7718";"18.4015";"18.4365";"-1.76"
"2018-03-22";"18.439";"18.6717";"18.4205";"18.6344";"+1.07"
"2018-03-23";"18.6352";"18.6922";"18.487";"18.5187";"-0.62"
"2018-03-26";"18.5205";"18.5407";"18.2617";"18.3371";"-0.98"
"2018-03-27";"18.347";"18.4402";"18.307";"18.381";"+0.24"
"2018-03-28";"18.373";"18.4464";"18.199";"18.304";"-0.42"
"2018-03-29";"18.304";"18.3367";"18.166";"18.187";"-0.64"
"2018-03-30";"18.193";"18.2";"18.157";"18.16";"-0.15"
"2018-04-02";"18.1847";"18.3645";"18.1688";"18.2475";"+0.48"
"2018-04-03";"18.243";"18.2565";"18.1525";"18.2181";"-0.16"
"2018-04-04";"18.2195";"18.3437";"18.0617";"18.1";"-0.65"
"2018-04-05";"18.1";"18.2318";"18.0484";"18.2057";"+0.58"
"2018-04-06";"18.2152";"18.359";"18.188";"18.2892";"+0.46"
"2018-04-09";"18.2775";"18.3955";"18.206";"18.3514";"+0.34"
"2018-04-10";"18.3545";"18.364";"18.2415";"18.2665";"-0.46"
"2018-04-11";"18.2633";"18.3357";"18.1685";"18.2294";"-0.20"
"2018-04-12";"18.2235";"18.269";"18.0895";"18.189";"-0.22"
"2018-04-13";"18.1945";"18.208";"18.044";"18.0452";"-0.79"
"2018-04-16";"18.0481";"18.1028";"17.994";"18.012";"-0.18"
"2018-04-17";"18.007";"18.075";"17.9385";"18.048";"+0.20"
"2018-04-18";"18.052";"18.1213";"17.9705";"18.09";"+0.23"
"2018-04-19";"18.0895";"18.4905";"18.0551";"18.4435";"+1.95"
"2018-04-20";"18.4553";"18.6955";"18.4357";"18.528";"+0.46"
"2018-04-23";"18.5255";"18.9565";"18.52";"18.944";"+2.25"
"2018-04-24";"18.9415";"18.9615";"18.7575";"18.8195";"-0.66"
"2018-04-25";"18.8205";"19.1446";"18.79";"18.8475";"+0.15"
"2018-04-26";"18.8492";"18.9344";"18.7445";"18.815";"-0.17"
"2018-04-27";"18.8195";"18.8732";"18.6035";"18.618";"-1.05"
"2018-04-30";"18.6086";"18.8158";"18.6086";"18.7135";"+0.51"
"2018-05-01";"18.7155";"19.0006";"18.6915";"18.9505";"+1.27"
"2018-05-02";"18.9528";"19.213";"18.857";"19.089";"+0.73"
"2018-05-03";"19.0875";"19.2125";"18.9495";"19.0625";"-0.14"
"2018-05-04";"19.0818";"19.3023";"19.0423";"19.2683";"+1.08"
"2018-05-07";"19.2575";"19.545";"19.2167";"19.466";"+1.03"
"2018-05-08";"19.4672";"19.6555";"19.4085";"19.5695";"+0.53"
"2018-05-09";"19.5795";"19.7165";"19.4995";"19.5715";"+0.01"
"2018-05-10";"19.568";"19.6002";"19.2005";"19.2255";"-1.77"
"2018-05-11";"19.2265";"19.4535";"19.1525";"19.425";"+1.04"
"2018-05-14";"19.4198";"19.63";"19.295";"19.6241";"+1.02"
"2018-05-15";"19.6248";"19.9337";"19.5744";"19.695";"+0.36"
"2018-05-16";"19.6947";"19.8052";"19.5458";"19.5723";"-0.62"
"2018-05-17";"19.573";"19.7547";"19.503";"19.7368";"+0.84"
"2018-05-18";"19.734";"19.9912";"19.657";"19.954";"+1.10"
"2018-05-21";"19.9147";"20.0376";"19.807";"19.819";"-0.68"
"2018-05-22";"19.8218";"19.848";"19.7018";"19.7735";"-0.23"
"2018-05-23";"19.7725";"19.9925";"19.5132";"19.6325";"-0.71"
"2018-05-24";"19.6375";"19.7927";"19.526";"19.573";"-0.30"
"2018-05-25";"19.5804";"19.6804";"19.4813";"19.5477";"-0.13"
"2018-05-28";"19.5537";"19.6405";"19.4543";"19.5955";"+0.24"
"2018-05-29";"19.593";"19.8854";"19.572";"19.836";"+1.23"
"2018-05-30";"19.836";"19.8585";"19.641";"19.727";"-0.55"
"2018-05-31";"19.73";"20.0555";"19.7175";"19.9135";"+0.95"
"2018-06-01";"19.91";"20.0029";"19.8008";"19.9427";"+0.15"
"2018-06-04";"19.9288";"20.0976";"19.8583";"20.077";"+0.67"
"2018-06-05";"20.0815";"20.4809";"20.0623";"20.4605";"+1.91"
"2018-06-06";"20.4605";"20.4911";"20.221";"20.3012";"-0.78"
"2018-06-07";"20.3012";"20.6553";"20.285";"20.4785";"+0.87"
"2018-06-08";"20.4755";"20.6597";"20.2467";"20.2895";"-0.92"
"2018-06-11";"20.3225";"20.604";"20.2728";"20.593";"+1.50"
"2018-06-12";"20.5935";"20.7265";"20.5125";"20.7161";"+0.60"
"2018-06-13";"20.7146";"20.8253";"20.5705";"20.6425";"-0.36"
"2018-06-14";"20.6447";"20.8976";"20.5045";"20.8905";"+1.20"
"2018-06-15";"20.8905";"20.965";"20.612";"20.6295";"-1.25"
"2018-06-18";"20.626";"20.7892";"20.5017";"20.509";"-0.58"
"2018-06-19";"20.5065";"20.7085";"20.4795";"20.5255";"+0.08"
"2018-06-20";"20.532";"20.586";"20.332";"20.36";"-0.81"
"2018-06-21";"20.355";"20.5338";"20.2015";"20.326";"-0.17"
"2018-06-22";"20.3388";"20.3515";"20.0096";"20.015";"-1.53"
"2018-06-25";"20.0096";"20.153";"19.8855";"19.8947";"-0.60"
"2018-06-26";"19.8948";"20.0024";"19.7822";"19.9533";"+0.29"
"2018-06-27";"19.949";"20.2412";"19.888";"20.1794";"+1.13"
"2018-06-28";"20.1784";"20.2112";"19.6935";"19.718";"-2.29"
"2018-06-29";"19.7215";"19.9832";"19.5665";"19.9175";"+1.01"
"2018-07-02";"19.8025";"20.204";"19.629";"19.953";"+0.18"
"2018-07-03";"19.9555";"20.0515";"19.4435";"19.4565";"-2.49"
"2018-07-04";"19.456";"19.5648";"19.3715";"19.4495";"-0.04"
"2018-07-05";"19.447";"19.4687";"19.1778";"19.215";"-1.21"
"2018-07-06";"19.2222";"19.2903";"19.0033";"19.0278";"-0.97"
"2018-07-09";"19.009";"19.2422";"18.9616";"19.22";"+1.01"
"2018-07-10";"19.2172";"19.287";"18.8798";"18.9271";"-1.52"
"2018-07-11";"18.9313";"19.095";"18.901";"19.083";"+0.82"
"2018-07-12";"19.0815";"19.1055";"18.7545";"18.9795";"-0.54"
"2018-07-13";"18.9845";"19.106";"18.856";"18.891";"-0.47"
"2018-07-16";"18.898";"18.9228";"18.7831";"18.82";"-0.38"
"2018-07-17";"18.819";"18.9578";"18.809";"18.8893";"+0.37"
"2018-07-18";"18.8893";"19.045";"18.806";"18.8965";"+0.04"
"2018-07-19";"18.8945";"19.1725";"18.8595";"19.0535";"+0.83"
"2018-07-20";"19.0535";"19.155";"18.906";"19.024";"-0.15"
"2018-07-23";"19.02";"19.171";"18.8565";"18.882";"-0.75"
"2018-07-24";"18.8885";"18.9662";"18.8007";"18.8805";"-0.01"
"2018-07-25";"18.878";"18.9042";"18.666";"18.6676";"-1.13"
"2018-07-26";"18.6713";"18.7492";"18.5813";"18.6259";"-0.22"
"2018-07-27";"18.631";"18.6773";"18.5325";"18.6283";"+0.01"
"2018-07-30";"18.63";"18.657";"18.4935";"18.5395";"-0.48"
"2018-07-31";"18.543";"18.6763";"18.512";"18.648";"+0.59"
"2018-08-01";"18.65";"18.7164";"18.56";"18.588";"-0.32"
"2018-08-02";"18.5905";"18.7661";"18.579";"18.6505";"+0.34"
"2018-08-03";"18.648";"18.7137";"18.538";"18.554";"-0.52"
"2018-08-06";"18.5577";"18.6282";"18.465";"18.519";"-0.19"
"2018-08-07";"18.5162";"18.5542";"18.4013";"18.4571";"-0.33"
"2018-08-08";"18.4572";"18.575";"18.411";"18.4711";"+0.08"
"2018-08-09";"18.4773";"18.7172";"18.4453";"18.6928";"+1.20"
"2018-08-10";"18.6985";"19.08";"18.684";"18.91";"+1.16"
"2018-08-13";"18.9138";"19.3829";"18.9138";"19.12";"+1.11"
"2018-08-14";"19.125";"19.1615";"18.8517";"18.8826";"-1.24"
"2018-08-15";"18.8819";"19.3027";"18.8507";"19.1373";"+1.35"
"2018-08-16";"19.1257";"19.2045";"18.9245";"18.982";"-0.81"
"2018-08-17";"18.9785";"19.1597";"18.8355";"18.8935";"-0.47"
"2018-08-20";"18.8775";"19.095";"18.8547";"19.005";"+0.59"
"2018-08-21";"19.0042";"19.021";"18.804";"18.9562";"-0.26"
"2018-08-22";"18.9532";"18.9847";"18.7165";"18.7287";"-1.20"
"2018-08-23";"18.7258";"19.0154";"18.7188";"19.009";"+1.50"
"2018-08-24";"19.0227";"19.0685";"18.7914";"18.9115";"-0.51"
"2018-08-27";"18.8942";"18.8954";"18.606";"18.7655";"-0.77"
"2018-08-28";"18.7703";"19.1262";"18.7123";"19.0822";"+1.69"
"2018-08-29";"19.0825";"19.1981";"18.9435";"18.9554";"-0.66"
"2018-08-30";"18.955";"19.205";"18.932";"19.1135";"+0.83"
"2018-08-31";"19.109";"19.288";"19.051";"19.085";"-0.15"
"2018-09-03";"19.073";"19.2859";"19.073";"19.1927";"+0.56"
"2018-09-04";"19.1927";"19.4844";"19.1827";"19.4035";"+1.10"
"2018-09-05";"19.4043";"19.6909";"19.3158";"19.3427";"-0.31"
"2018-09-06";"19.3413";"19.4485";"19.151";"19.183";"-0.83"
"2018-09-07";"19.1852";"19.36";"19.125";"19.324";"+0.74"
"2018-09-10";"19.3257";"19.3672";"19.2417";"19.2715";"-0.27"
"2018-09-11";"19.2715";"19.383";"19.1497";"19.187";"-0.44"
"2018-09-12";"19.1867";"19.2299";"19.0138";"19.0177";"-0.88"
"2018-09-13";"19.0178";"19.0612";"18.789";"18.8335";"-0.97"
"2018-09-14";"18.8364";"18.927";"18.77";"18.8882";"+0.29"
"2018-09-17";"18.8807";"18.9178";"18.8015";"18.838";"-0.27"
"2018-09-18";"18.8335";"18.9223";"18.7262";"18.8068";"-0.17"
"2018-09-19";"18.8083";"18.8247";"18.679";"18.776";"-0.16"
"2018-09-20";"18.783";"18.8982";"18.71";"18.828";"+0.28"
"2018-09-21";"18.8302";"18.9424";"18.7835";"18.8315";"+0.02"
"2018-09-24";"18.8167";"18.9714";"18.8025";"18.9685";"+0.73"
"2018-09-25";"18.9685";"19.0423";"18.9236";"18.992";"+0.12"
"2018-09-26";"19.0005";"19.066";"18.8065";"18.843";"-0.78"
"2018-09-27";"18.8295";"18.955";"18.7465";"18.7843";"-0.31"
"2018-09-28";"18.7894";"18.8832";"18.6744";"18.7184";"-0.35"
"2018-10-01";"18.7184";"18.7437";"18.4989";"18.7076";"-0.06"
"2018-10-02";"18.718";"18.8724";"18.7024";"18.794";"+0.46"
"2018-10-03";"18.7938";"19.0502";"18.7128";"19.044";"+1.33"
"2018-10-04";"19.042";"19.2027";"18.9562";"19.097";"+0.28"
"2018-10-05";"19.1";"19.1332";"18.8";"18.818";"-1.46"
"2018-10-08";"18.8267";"18.9606";"18.7516";"18.938";"+0.64"
"2018-10-09";"18.9425";"19.0781";"18.9142";"19.038";"+0.53"
"2018-10-10";"19.04";"19.1786";"18.9718";"19.1556";"+0.62"
"2018-10-11";"19.158";"19.1896";"18.9401";"18.979";"-0.92"
"2018-10-12";"18.9793";"18.99";"18.839";"18.8515";"-0.67"
"2018-10-15";"18.865";"18.8996";"18.7701";"18.833";"-0.10"
"2018-10-16";"18.8425";"18.9076";"18.7293";"18.7515";"-0.43"
"2018-10-17";"18.752";"18.8925";"18.7455";"18.87";"+0.63"
"2018-10-18";"18.8783";"19.1903";"18.8484";"19.149";"+1.48"
"2018-10-19";"19.1545";"19.345";"19.0793";"19.257";"+0.56"
"2018-10-22";"19.2735";"19.4118";"19.2216";"19.408";"+0.78"
"2018-10-23";"19.4085";"19.4711";"19.2572";"19.297";"-0.57"
"2018-10-24";"19.2975";"19.6355";"19.2554";"19.6001";"+1.57"
"2018-10-25";"19.609";"19.6211";"19.3915";"19.489";"-0.57"
"2018-10-26";"19.4905";"19.6188";"19.3282";"19.354";"-0.69"
"2018-10-29";"19.3615";"20.116";"19.3403";"20.055";"+3.62"
"2018-10-30";"20.0625";"20.1476";"19.9007";"20.0419";"-0.07"
"2018-10-31";"20.049";"20.475";"20.0133";"20.3295";"+1.43"
"2018-11-01";"20.3398";"20.3475";"20.0325";"20.148";"-0.89"
"2018-11-02";"20.1565";"20.2269";"19.8953";"20.024";"-0.62"
"2018-11-05";"20.0335";"20.1433";"19.8657";"19.8825";"-0.71"
"2018-11-06";"19.888";"19.9708";"19.716";"19.724";"-0.80"
"2018-11-07";"19.7255";"19.906";"19.5739";"19.864";"+0.71"
"2018-11-08";"19.8715";"20.2254";"19.8155";"20.1958";"+1.67"
"2018-11-09";"20.1965";"20.4155";"20.0518";"20.1384";"-0.28"
"2018-11-12";"20.1404";"20.379";"20.086";"20.361";"+1.11"
"2018-11-13";"20.363";"20.585";"20.2656";"20.486";"+0.61"
"2018-11-14";"20.4955";"20.545";"20.3083";"20.405";"-0.40"
"2018-11-15";"20.41";"20.4484";"20.1921";"20.224";"-0.89"
"2018-11-16";"20.232";"20.3861";"20.0683";"20.141";"-0.41"
"2018-11-19";"20.1737";"20.4255";"20.1103";"20.371";"+1.14"
"2018-11-20";"20.372";"20.5402";"20.288";"20.349";"-0.11"
"2018-11-21";"20.359";"20.41";"20.1645";"20.241";"-0.53"
"2018-11-22";"20.246";"20.354";"20.1953";"20.3075";"+0.33"
"2018-11-23";"20.313";"20.4465";"20.2895";"20.4";"+0.46"
"2018-11-26";"20.41";"20.6375";"20.3386";"20.616";"+1.06"
"2018-11-27";"20.6172";"20.6371";"20.4023";"20.47";"-0.71"
"2018-11-28";"20.4783";"20.5215";"20.1998";"20.2913";"-0.87"
"2018-11-29";"20.2965";"20.3498";"20.1537";"20.23";"-0.30"
"2018-11-30";"20.24";"20.4566";"20.2201";"20.396";"+0.82"
"2018-12-03";"20.4053";"20.4095";"20.0067";"20.353";"-0.21"
"2018-12-04";"20.3625";"20.554";"20.2319";"20.507";"+0.76"
"2018-12-05";"20.5135";"20.6204";"20.4128";"20.495";"-0.06"
"2018-12-06";"20.502";"20.6623";"20.3081";"20.347";"-0.72"
"2018-12-07";"20.352";"20.425";"20.1677";"20.2575";"-0.44"
"2018-12-10";"20.265";"20.4014";"20.1989";"20.3";"+0.21"
"2018-12-11";"20.31";"20.3513";"20.1548";"20.2";"-0.49"
"2018-12-12";"20.206";"20.2257";"19.9851";"20.072";"-0.63"
"2018-12-13";"20.0795";"20.3386";"20.0609";"20.315";"+1.21"
"2018-12-14";"20.3155";"20.5355";"20.1941";"20.233";"-0.40"
"2018-12-17";"20.2377";"20.2439";"20.06";"20.07";"-0.81"
"2018-12-18";"20.0775";"20.195";"20.0322";"20.072";"+0.01"
"2018-12-19";"20.08";"20.1728";"19.9505";"20.108";"+0.18"
"2018-12-20";"20.116";"20.1485";"19.8062";"19.875";"-1.16"
"2018-12-21";"19.8961";"20.035";"19.841";"19.94";"+0.33"
"2018-12-24";"19.9434";"19.9705";"19.815";"19.8675";"-0.36"
"2018-12-25";"19.875";"19.9286";"19.8717";"19.9117";"+0.22"
"2018-12-26";"19.9192";"19.9737";"19.8382";"19.9";"-0.06"
"2018-12-27";"19.9067";"19.9543";"19.621";"19.668";"-1.17"
"2018-12-28";"19.6758";"19.7509";"19.6048";"19.651";"-0.09"
"2018-12-31";"19.659";"19.72";"19.6175";"19.6403";"-0.05"
"2019-01-01";"19.6513";"19.6538";"19.6425";"19.643";"+0.01"
"2019-01-02";"19.6513";"19.7241";"19.5301";"19.5625";"-0.41"
"2019-01-03";"19.5707";"19.6782";"19.5495";"19.622";"+0.30"
"2019-01-04";"19.6295";"19.6754";"19.3701";"19.42";"-1.03"
"2019-01-07";"19.4191";"19.4795";"19.2902";"19.3544";"-0.34"
"2019-01-08";"19.3625";"19.4396";"19.2817";"19.358";"+0.02"
"2019-01-09";"19.3556";"19.3815";"19.1998";"19.224";"-0.69"
"2019-01-10";"19.2245";"19.2727";"19.1208";"19.1231";"-0.52"
"2019-01-11";"19.1285";"19.195";"19.057";"19.131";"+0.04"
"2019-01-14";"19.1411";"19.2087";"18.9576";"18.975";"-0.82"
"2019-01-15";"18.9812";"19.095";"18.9487";"18.9885";"+0.07"
"2019-01-16";"18.9965";"19.0553";"18.8845";"18.887";"-0.53"
"2019-01-17";"18.8923";"19.125";"18.8754";"19.0106";"+0.65"
"2019-01-18";"19.0181";"19.155";"18.9701";"19.0775";"+0.35"
"2019-01-21";"19.077";"19.215";"19.0662";"19.159";"+0.43"
"2019-01-22";"19.1667";"19.2452";"19.1007";"19.1682";"+0.05"
"2019-01-23";"19.1685";"19.174";"19.0228";"19.0224";"-0.76"
"2019-01-24";"19.0291";"19.0921";"18.9515";"19.018";"-0.02"
"2019-01-25";"19.0172";"19.0352";"18.8796";"18.9797";"-0.20"
"2019-01-28";"18.9883";"19.087";"18.9676";"19.038";"+0.31"
"2019-01-29";"19.0427";"19.0688";"18.9617";"18.986";"-0.27"
"2019-01-30";"18.9949";"19.2155";"18.9811";"19.123";"+0.72"
"2019-01-31";"19.133";"19.1671";"18.972";"19.1058";"-0.09"
"2019-02-01";"19.1065";"19.1896";"19.0591";"19.094";"-0.06"
"2019-02-04";"19.0975";"19.1829";"19.0154";"19.1044";"+0.05"
"2019-02-05";"19.1109";"19.1311";"19.0187";"19.0288";"-0.40"
"2019-02-06";"19.036";"19.1734";"19.0336";"19.102";"+0.38"
"2019-02-07";"19.1075";"19.1896";"19.0384";"19.09";"-0.06"
"2019-02-08";"19.0797";"19.1381";"19.0231";"19.0703";"-0.10"
"2019-02-11";"19.0614";"19.335";"19.0609";"19.2987";"+1.20"
"2019-02-12";"19.3065";"19.3238";"19.206";"19.2506";"-0.25"
"2019-02-13";"19.2555";"19.455";"19.2134";"19.427";"+0.92"
"2019-02-14";"19.4355";"19.4761";"19.2474";"19.256";"-0.88"
"2019-02-15";"19.2578";"19.425";"19.2114";"19.2352";"-0.11"
"2019-02-18";"19.2567";"19.2873";"19.1995";"19.2385";"+0.02"
"2019-02-19";"19.2455";"19.3015";"19.1213";"19.139";"-0.52"
"2019-02-20";"19.144";"19.2371";"19.1311";"19.214";"+0.39"
"2019-02-21";"19.219";"19.335";"19.1693";"19.285";"+0.37"
"2019-02-22";"19.2895";"19.3074";"19.0979";"19.1365";"-0.77"
"2019-02-25";"19.15";"19.25";"19.0235";"19.126";"-0.05"
"2019-02-26";"19.1335";"19.225";"19.1032";"19.166";"+0.21"
"2019-02-27";"19.1755";"19.2662";"19.1446";"19.1622";"-0.02"
"2019-02-28";"19.172";"19.325";"19.1535";"19.2775";"+0.60"
"2019-03-01";"19.2825";"19.3405";"19.2446";"19.2574";"-0.10"
"2019-03-04";"19.2756";"19.3862";"19.2711";"19.29";"+0.17"
"2019-03-05";"19.2965";"19.3267";"19.2109";"19.247";"-0.22"
"2019-03-06";"19.2475";"19.4056";"19.2419";"19.36";"+0.59"
"2019-03-07";"19.3625";"19.6262";"19.3312";"19.5501";"+0.98"
"2019-03-08";"19.5505";"19.616";"19.4606";"19.4933";"-0.29"
"2019-03-11";"19.4982";"19.5239";"19.377";"19.3945";"-0.51"
"2019-03-12";"19.4008";"19.424";"19.2391";"19.3492";"-0.23"
"2019-03-13";"19.349";"19.375";"19.2579";"19.2783";"-0.37"
"2019-03-14";"19.2833";"19.3801";"19.276";"19.318";"+0.21"
"2019-03-15";"19.3185";"19.3228";"19.181";"19.1996";"-0.61"
"2019-03-18";"19.2025";"19.2314";"19.0392";"19.05";"-0.78"
"2019-03-19";"19.0562";"19.0814";"18.983";"19.0136";"-0.19"
"2019-03-20";"19.0143";"19.0351";"18.7464";"18.8282";"-0.98"
"2019-03-21";"18.8287";"18.935";"18.7742";"18.8616";"+0.18"
"2019-03-22";"18.8577";"19.185";"18.8377";"19.0855";"+1.19"
"2019-03-25";"19.099";"19.1574";"18.986";"19.0125";"-0.38"
"2019-03-26";"19.0185";"19.135";"18.9935";"19.103";"+0.48"
"2019-03-27";"19.106";"19.385";"19.0994";"19.355";"+1.32"
"2019-03-28";"19.3625";"19.4468";"19.2997";"19.335";"-0.10"
"2019-03-29";"19.3385";"19.485";"19.2664";"19.4215";"+0.45"
"2019-04-01";"19.373";"19.3869";"19.1345";"19.138";"-1.46"
"2019-04-02";"19.1455";"19.2652";"19.072";"19.2275";"+0.47"
"2019-04-03";"19.228";"19.255";"19.1067";"19.21";"-0.09"
"2019-04-04";"19.2184";"19.2864";"19.1319";"19.1469";"-0.33"
"2019-04-05";"19.1462";"19.1688";"19.047";"19.0733";"-0.38"
"2019-04-08";"19.074";"19.1346";"18.9095";"18.96";"-0.59"
"2019-04-09";"18.9675";"18.9897";"18.8913";"18.9307";"-0.15"
"2019-04-10";"18.9312";"18.9483";"18.8075";"18.81";"-0.64"
"2019-04-11";"18.8175";"18.9245";"18.8078";"18.826";"+0.09"
"2019-04-12";"18.8335";"18.8714";"18.746";"18.7508";"-0.40"
"2019-04-15";"18.7632";"18.905";"18.7481";"18.8505";"+0.53"
"2019-04-16";"18.8548";"19.005";"18.8471";"18.871";"+0.11"
"2019-04-17";"18.8705";"18.8932";"18.7963";"18.8273";"-0.23"
"2019-04-18";"18.8225";"18.9118";"18.7495";"18.7975";"-0.16"
"2019-04-19";"18.8035";"18.8346";"18.7477";"18.7596";"-0.20"
"2019-04-22";"18.7748";"18.8655";"18.7533";"18.8253";"+0.35"
"2019-04-23";"18.8265";"18.995";"18.8195";"18.9042";"+0.42"
"2019-04-24";"18.9043";"19.0958";"18.901";"19.0678";"+0.87"
"2019-04-25";"19.0696";"19.1996";"19.0103";"19.015";"-0.28"
"2019-04-26";"19.0225";"19.1098";"18.8962";"18.9318";"-0.44"
"2019-04-29";"18.9361";"19.045";"18.8983";"19.0135";"+0.43"
"2019-04-30";"19.0138";"19.085";"18.9207";"18.9402";"-0.39"
"2019-05-01";"18.9477";"19.0016";"18.7886";"18.9938";"+0.28"
"2019-05-02";"18.9962";"19.1455";"18.9358";"19.1145";"+0.64"
"2019-05-03";"19.122";"19.1784";"18.913";"18.9155";"-1.04"
"2019-05-06";"19.001";"19.1119";"18.934";"18.9805";"+0.34"
"2019-05-07";"18.9902";"19.095";"18.943";"19.032";"+0.27"
"2019-05-08";"19.0325";"19.135";"19.0065";"19.081";"+0.26"
"2019-05-09";"19.086";"19.325";"19.0675";"19.2264";"+0.76"
"2019-05-10";"19.234";"19.2854";"19.0429";"19.0954";"-0.68"
"2019-05-13";"19.0975";"19.2555";"19.0975";"19.224";"+0.67"
"2019-05-14";"19.2245";"19.2367";"19.1027";"19.1505";"-0.38"
"2019-05-15";"19.151";"19.262";"19.0093";"19.0472";"-0.54"
"2019-05-16";"19.0522";"19.1373";"18.9758";"19.1209";"+0.39"
"2019-05-17";"19.1283";"19.2272";"19.0914";"19.1631";"+0.22"
"2019-05-20";"19.1725";"19.1725";"19.0588";"19.06";"-0.54"
"2019-05-21";"19.0685";"19.1259";"18.9991";"19.0047";"-0.29"
"2019-05-22";"19.0104";"19.0407";"18.9319";"18.9868";"-0.09"
"2019-05-23";"18.9873";"19.106";"18.978";"19.037";"+0.26"
"2019-05-24";"19.0427";"19.0989";"18.9968";"19.0416";"+0.02"
"2019-05-27";"19.0415";"19.0759";"19.0161";"19.0531";"+0.06"
"2019-05-28";"19.0618";"19.215";"19.0382";"19.1924";"+0.73"
"2019-05-29";"19.1931";"19.2952";"19.1275";"19.1273";"-0.34"
"2019-05-30";"19.1329";"19.1704";"19.0384";"19.135";"+0.04"
"2019-05-31";"19.1425";"19.8333";"19.1409";"19.612";"+2.49"
"2019-06-03";"19.6027";"19.8818";"19.6027";"19.7705";"+0.81"
"2019-06-04";"19.7793";"19.8397";"19.5156";"19.5598";"-1.07"
"2019-06-05";"19.5648";"19.6756";"19.4664";"19.574";"+0.07"
"2019-06-06";"19.5843";"19.8428";"19.518";"19.6844";"+0.56"
"2019-06-07";"19.6855";"19.7918";"19.555";"19.6105";"-0.38"
"2019-06-10";"19.305";"19.3296";"19.1339";"19.2166";"-2.01"
"2019-06-11";"19.2171";"19.2425";"19.0851";"19.125";"-0.48"
"2019-06-12";"19.1318";"19.225";"19.0994";"19.166";"+0.21"
"2019-06-13";"19.173";"19.2162";"19.1313";"19.188";"+0.11"
"2019-06-14";"19.1965";"19.2319";"19.1089";"19.15";"-0.20"
"2019-06-17";"19.1525";"19.2175";"19.1245";"19.1771";"+0.14"
"2019-06-18";"19.1776";"19.1865";"19.0478";"19.1186";"-0.31"
"2019-06-19";"19.1235";"19.2101";"19.0141";"19.0175";"-0.53"
"2019-06-20";"19.018";"19.0422";"18.8909";"18.995";"-0.12"
"2019-06-21";"19.0047";"19.1667";"18.9713";"19.1191";"+0.65"
"2019-06-24";"19.095";"19.2227";"19.0751";"19.1925";"+0.38"
"2019-06-25";"19.2015";"19.2765";"19.1621";"19.2195";"+0.14"
"2019-06-26";"19.2304";"19.2651";"19.1187";"19.1268";"-0.48"
"2019-06-27";"19.1275";"19.195";"19.0889";"19.1779";"+0.27"
"2019-06-28";"19.1788";"19.245";"19.1456";"19.2162";"+0.20"
"2019-07-01";"19.1915";"19.2103";"19.0359";"19.1153";"-0.53"
"2019-07-02";"19.131";"19.1324";"19.0453";"19.0508";"-0.34"
"2019-07-03";"19.0508";"19.091";"19.0023";"19.0105";"-0.21"
"2019-07-04";"19.0175";"19.0271";"18.9653";"18.998";"-0.07"
"2019-07-05";"19.005";"19.0855";"18.9589";"19.008";"+0.05"
"2019-07-08";"19.025";"19.0301";"18.8613";"18.9138";"-0.50"
"2019-07-09";"18.9145";"19.3465";"18.8778";"19.1545";"+1.27"
"2019-07-10";"19.1597";"19.3153";"19.1288";"19.13";"-0.13"
"2019-07-11";"19.1392";"19.1752";"19.0639";"19.0696";"-0.32"
"2019-07-12";"19.0785";"19.1284";"18.9709";"18.9794";"-0.47"
"2019-07-15";"19.002";"19.0074";"18.9186";"18.9706";"-0.05"
"2019-07-16";"18.978";"19.125";"18.9506";"19.086";"+0.61"
"2019-07-17";"19.094";"19.1289";"18.992";"19.0624";"-0.12"
"2019-07-18";"19.0635";"19.1215";"18.9399";"18.9445";"-0.62"
"2019-07-19";"18.945";"19.055";"18.9263";"19.0229";"+0.41"
"2019-07-22";"19.035";"19.0898";"19.0021";"19.0511";"+0.15"
"2019-07-23";"19.0557";"19.196";"19.0454";"19.1724";"+0.64"
"2019-07-24";"19.1822";"19.1936";"19.052";"19.05";"-0.64"
"2019-07-25";"19.0595";"19.135";"18.9604";"19.015";"-0.18"
"2019-07-26";"19.02";"19.115";"18.9859";"19.035";"+0.11"
"2019-07-29";"19.045";"19.1306";"19.0096";"19.0536";"+0.10"
"2019-07-30";"19.0639";"19.095";"19.014";"19.063";"+0.05"
"2019-07-31";"19.0625";"19.1901";"18.9474";"19.1265";"+0.33"
"2019-08-01";"19.134";"19.2819";"19.1133";"19.2323";"+0.55"
"2019-08-02";"19.2358";"19.3755";"19.1947";"19.299";"+0.35"
"2019-08-05";"19.2987";"19.6777";"19.2981";"19.609";"+1.61"
"2019-08-06";"19.6139";"19.7423";"19.5301";"19.5739";"-0.18"
"2019-08-07";"19.5755";"19.745";"19.5284";"19.6215";"+0.24"
"2019-08-08";"19.6289";"19.659";"19.4012";"19.404";"-1.11"
"2019-08-09";"19.4112";"19.497";"19.3752";"19.401";"-0.02"
"2019-08-12";"19.399";"19.7779";"19.3977";"19.6059";"+1.06"
"2019-08-13";"19.6087";"19.681";"19.3512";"19.3698";"-1.20"
"2019-08-14";"19.376";"19.756";"19.3694";"19.6747";"+1.57"
"2019-08-15";"19.6755";"19.765";"19.579";"19.602";"-0.37"
"2019-08-16";"19.61";"19.6879";"19.5194";"19.6502";"+0.25"
"2019-08-19";"19.665";"19.905";"19.6068";"19.8542";"+1.04"
"2019-08-20";"19.862";"19.8922";"19.7192";"19.7612";"-0.47"
"2019-08-21";"19.7662";"19.7756";"19.6387";"19.6875";"-0.37"
"2019-08-22";"19.6885";"19.8514";"19.6604";"19.8176";"+0.66"
"2019-08-23";"19.8251";"19.9414";"19.7572";"19.9129";"+0.48"
"2019-08-26";"19.9187";"20.126";"19.8092";"19.9328";"+0.10"
"2019-08-27";"19.9333";"20.0872";"19.8766";"19.978";"+0.23"
"2019-08-28";"19.987";"20.1273";"19.9468";"20.0967";"+0.59"
"2019-08-29";"20.1042";"20.261";"20.044";"20.132";"+0.18"
"2019-08-30";"20.1403";"20.1987";"20.0089";"20.0575";"-0.37"
"2019-09-02";"20.063";"20.1577";"20.036";"20.1405";"+0.41"
"2019-09-03";"20.1478";"20.169";"19.9673";"19.9727";"-0.83"
"2019-09-04";"19.9732";"19.9966";"19.7074";"19.7136";"-1.30"
"2019-09-05";"19.7232";"19.7647";"19.611";"19.7367";"+0.12"
"2019-09-06";"19.7442";"19.7557";"19.5156";"19.5293";"-1.05"
"2019-09-09";"19.5584";"19.605";"19.4726";"19.5605";"+0.16"
"2019-09-10";"19.5743";"19.6127";"19.4711";"19.49";"-0.36"
"2019-09-11";"19.498";"19.5776";"19.4728";"19.503";"+0.07"
"2019-09-12";"19.5069";"19.5443";"19.3987";"19.4295";"-0.38"
"2019-09-13";"19.437";"19.4625";"19.3442";"19.3983";"-0.16"
"2019-09-16";"19.4225";"19.4711";"19.3974";"19.44";"+0.21"
"2019-09-17";"19.4405";"19.555";"19.3449";"19.3622";"-0.40"
"2019-09-18";"19.3636";"19.445";"19.3239";"19.397";"+0.18"
"2019-09-19";"19.3975";"19.4655";"19.3194";"19.4507";"+0.28"
"2019-09-20";"19.4557";"19.4962";"19.3969";"19.4468";"-0.02"
"2019-09-23";"19.447";"19.515";"19.382";"19.468";"+0.11"
"2019-09-24";"19.4765";"19.5072";"19.4021";"19.4393";"-0.15"
"2019-09-25";"19.4451";"19.6192";"19.4396";"19.5636";"+0.64"
"2019-09-26";"19.5714";"19.6808";"19.5271";"19.665";"+0.52"
"2019-09-27";"19.6727";"19.7385";"19.5938";"19.6867";"+0.11"
"2019-09-30";"19.695";"19.765";"19.68";"19.7275";"+0.21"
"2019-10-01";"19.7325";"19.845";"19.7204";"19.815";"+0.44"
"2019-10-02";"19.8225";"19.8654";"19.7439";"19.7932";"-0.11"
"2019-10-03";"19.7937";"19.825";"19.645";"19.645";"-0.75"
"2019-10-04";"19.6538";"19.6583";"19.4921";"19.5102";"-0.69"
"2019-10-07";"19.5195";"19.5973";"19.5161";"19.566";"+0.29"
"2019-10-08";"19.574";"19.645";"19.5089";"19.626";"+0.31"
"2019-10-09";"19.6265";"19.6357";"19.4925";"19.5625";"-0.32"
"2019-10-10";"19.57";"19.642";"19.4345";"19.4405";"-0.62"
"2019-10-11";"19.4465";"19.4627";"19.2644";"19.317";"-0.64"
"2019-10-14";"19.3265";"19.3511";"19.2491";"19.2665";"-0.26"
"2019-10-15";"19.271";"19.2966";"19.2197";"19.24";"-0.14"
"2019-10-16";"19.2405";"19.2925";"19.1631";"19.2015";"-0.20"
"2019-10-17";"19.202";"19.2537";"19.1275";"19.193";"-0.04"
"2019-10-18";"19.197";"19.2185";"19.1024";"19.1007";"-0.48"
"2019-10-21";"19.11";"19.175";"19.1017";"19.1147";"+0.07"
"2019-10-22";"19.122";"19.159";"19.0728";"19.1419";"+0.14"
"2019-10-23";"19.1474";"19.1915";"19.0985";"19.108";"-0.18"
"2019-10-24";"19.117";"19.1656";"19.0554";"19.127";"+0.10"
"2019-10-25";"19.137";"19.141";"19.0251";"19.053";"-0.39"
"2019-10-28";"19.0565";"19.138";"19.0144";"19.119";"+0.35"
"2019-10-29";"19.122";"19.158";"19.0721";"19.115";"-0.02"
"2019-10-30";"19.1165";"19.2372";"19.0767";"19.0806";"-0.18"
"2019-10-31";"19.083";"19.2488";"19.0674";"19.228";"+0.77"
"2019-11-01";"19.2345";"19.2454";"19.0667";"19.1042";"-0.64"
"2019-11-04";"19.1134";"19.2205";"19.046";"19.173";"+0.36"
"2019-11-05";"19.1755";"19.252";"19.095";"19.2";"+0.14"
"2019-11-06";"19.207";"19.263";"19.136";"19.141";"-0.31"
"2019-11-07";"19.146";"19.1905";"19.0878";"19.132";"-0.05"
"2019-11-08";"19.138";"19.2092";"19.0772";"19.0971";"-0.18"
"2019-11-11";"19.103";"19.1657";"19.0828";"19.107";"+0.05"
"2019-11-12";"19.1155";"19.375";"19.1098";"19.3068";"+1.05"
"2019-11-13";"19.3143";"19.535";"19.3018";"19.3499";"+0.22"
"2019-11-14";"19.3574";"19.4878";"19.3094";"19.3125";"-0.19"
"2019-11-15";"19.3198";"19.3312";"19.176";"19.1758";"-0.71"
"2019-11-18";"19.194";"19.3267";"19.1801";"19.3116";"+0.71"
"2019-11-19";"19.3183";"19.415";"19.2417";"19.336";"+0.13"
"2019-11-20";"19.344";"19.555";"19.3425";"19.457";"+0.63"
"2019-11-21";"19.4652";"19.5016";"19.3549";"19.3808";"-0.39"
"2019-11-22";"19.3855";"19.437";"19.3437";"19.3721";"-0.04"
"2019-11-25";"19.373";"19.4835";"19.314";"19.4381";"+0.34"
"2019-11-26";"19.4441";"19.5957";"19.4094";"19.5152";"+0.40"
"2019-11-27";"19.52";"19.5956";"19.4621";"19.5094";"-0.03"
"2019-11-28";"19.5169";"19.6619";"19.4646";"19.4704";"-0.20"
"2019-11-29";"19.471";"19.587";"19.4268";"19.562";"+0.47"
"2019-12-02";"19.527";"19.6175";"19.5233";"19.577";"+0.08"
"2019-12-03";"19.5795";"19.6305";"19.5369";"19.548";"-0.15"
"2019-12-04";"19.5532";"19.5895";"19.4294";"19.4255";"-0.63"
"2019-12-05";"19.433";"19.4775";"19.341";"19.369";"-0.29"
"2019-12-06";"19.3765";"19.3965";"19.2817";"19.301";"-0.35"
"2019-12-09";"19.2955";"19.3099";"19.2107";"19.2285";"-0.38"
"2019-12-10";"19.236";"19.2707";"19.1966";"19.2534";"+0.13"
"2019-12-11";"19.2585";"19.2873";"19.1059";"19.1145";"-0.72"
"2019-12-12";"19.1195";"19.1395";"19.0375";"19.05";"-0.34"
"2019-12-13";"19.06";"19.0954";"18.9792";"19.0079";"-0.22"
"2019-12-16";"19.0373";"19.0861";"18.925";"18.9252";"-0.44"
"2019-12-17";"18.9327";"18.9674";"18.9004";"18.926";"0.00"
"2019-12-18";"18.935";"19.0025";"18.9058";"18.96";"+0.18"
"2019-12-19";"18.966";"19.048";"18.9125";"18.913";"-0.25"
"2019-12-20";"18.9225";"18.9725";"18.8856";"18.939";"+0.14"
"2019-12-23";"18.935";"18.993";"18.8934";"18.952";"+0.07"
"2019-12-24";"18.961";"19.001";"18.9231";"18.973";"+0.11"
"2019-12-25";"18.981";"18.9835";"18.9745";"18.969";"-0.02"
"2019-12-26";"18.979";"18.9805";"18.9291";"18.931";"-0.20"
"2019-12-27";"18.9405";"18.9578";"18.8052";"18.8316";"-0.53"
"2019-12-30";"18.8375";"18.9675";"18.7995";"18.923";"+0.49"
"2019-12-31";"18.9335";"18.9595";"18.8397";"18.925";"+0.01"
"2020-01-01";"18.9325";"18.9338";"18.9312";"18.925";"0.00"
"2020-01-02";"18.9325";"18.9412";"18.8288";"18.832";"-0.49"
"2020-01-03";"18.8415";"19.0365";"18.8293";"18.917";"+0.45"
"2020-01-06";"18.915";"18.9515";"18.7943";"18.837";"-0.42"
"2020-01-07";"18.8405";"18.9375";"18.8004";"18.898";"+0.32"
"2020-01-08";"18.9055";"19.0225";"18.7638";"18.808";"-0.48"
"2020-01-09";"18.814";"18.8885";"18.7584";"18.832";"+0.13"
"2020-01-10";"18.842";"18.8725";"18.7453";"18.781";"-0.27"
"2020-01-13";"18.7905";"18.8665";"18.753";"18.7931";"+0.06"
"2020-01-14";"18.8006";"18.8747";"18.775";"18.7753";"-0.09"
"2020-01-15";"18.783";"18.8285";"18.7635";"18.7831";"+0.04"
"2020-01-16";"18.792";"18.8157";"18.769";"18.7722";"-0.06"
"2020-01-17";"18.7797";"18.7904";"18.6529";"18.6549";"-0.62"
"2020-01-20";"18.6615";"18.696";"18.6444";"18.6586";"+0.02"
"2020-01-21";"18.6639";"18.8045";"18.6617";"18.7625";"+0.56"
"2020-01-22";"18.7728";"18.8055";"18.663";"18.6807";"-0.44"
"2020-01-23";"18.693";"18.8595";"18.6813";"18.757";"+0.41"
"2020-01-24";"18.767";"18.873";"18.7234";"18.79";"+0.18"
"2020-01-27";"18.8345";"18.979";"18.8289";"18.905";"+0.61"
"2020-01-28";"18.9127";"18.9301";"18.7046";"18.7155";"-1.00"
"2020-01-29";"18.7231";"18.7772";"18.666";"18.6915";"-0.13"
"2020-01-30";"18.699";"18.8722";"18.6907";"18.7726";"+0.43"
"2020-01-31";"18.7801";"18.9455";"18.744";"18.8353";"+0.33"
"2020-02-03";"18.855";"18.8988";"18.716";"18.809";"-0.14"
"2020-02-04";"18.816";"18.843";"18.6567";"18.658";"-0.80"
"2020-02-05";"18.667";"18.7003";"18.5728";"18.591";"-0.36"
"2020-02-06";"18.6025";"18.6989";"18.5592";"18.6542";"+0.34"
"2020-02-07";"18.6603";"18.835";"18.6274";"18.7608";"+0.57"
"2020-02-10";"18.79";"18.835";"18.6935";"18.6972";"-0.34"
"2020-02-11";"18.6977";"18.725";"18.6404";"18.6544";"-0.23"
"2020-02-12";"18.6559";"18.672";"18.6043";"18.6123";"-0.23"
"2020-02-13";"18.621";"18.6877";"18.5793";"18.59";"-0.12"
"2020-02-14";"18.6";"18.6178";"18.5347";"18.5334";"-0.30"
"2020-02-17";"18.541";"18.5884";"18.522";"18.548";"+0.08"
"2020-02-18";"18.5555";"18.6656";"18.5511";"18.5872";"+0.21"
"2020-02-19";"18.5922";"18.6257";"18.5515";"18.5585";"-0.15"
"2020-02-20";"18.5655";"18.865";"18.5547";"18.827";"+1.45"
"2020-02-21";"18.8327";"19.0882";"18.7974";"18.8949";"+0.36"
"2020-02-24";"18.91";"19.266";"18.91";"19.0599";"+0.87"
"2020-02-25";"19.07";"19.215";"18.9412";"19.08";"+0.11"
"2020-02-26";"19.092";"19.3045";"19.0632";"19.282";"+1.06"
"2020-02-27";"19.2845";"19.515";"19.2624";"19.508";"+1.17"
"2020-02-28";"19.511";"19.9025";"19.4538";"19.611";"+0.53"
"2020-03-02";"19.8645";"19.8808";"19.3858";"19.4";"-1.08"
"2020-03-03";"19.405";"19.567";"19.1551";"19.448";"+0.25"
"2020-03-04";"19.457";"19.635";"19.1838";"19.5289";"+0.42"
"2020-03-05";"19.5415";"19.9865";"19.4986";"19.8445";"+1.62"
"2020-03-06";"19.846";"20.387";"19.8117";"20.1024";"+1.30"
"2020-03-09";"20.534";"21.86";"20.48";"20.784";"+3.39"
"2020-03-10";"20.775";"21.0995";"20.3882";"20.8435";"+0.29"
"2020-03-11";"20.829";"21.5038";"20.7672";"21.3805";"+2.58"
"2020-03-12";"21.3836";"22.8705";"21.3505";"21.901";"+2.43"
"2020-03-13";"21.921";"22.157";"21.346";"21.902";"0.00"
"2020-03-16";"21.665";"23.077";"21.5919";"22.85";"+4.33"
"2020-03-17";"22.885";"23.239";"22.47";"22.9367";"+0.38"
"2020-03-18";"22.9594";"24.1";"22.8178";"23.7064";"+3.36"
"2020-03-19";"23.7282";"24.6478";"23.6024";"24.0225";"+1.33"
"2020-03-20";"24.0275";"24.5688";"23.4881";"24.4215";"+1.66"
"2020-03-23";"24.425";"25.3685";"24.415";"25.338";"+3.75"
"2020-03-24";"25.3606";"25.448";"24.6173";"24.827";"-2.02"
"2020-03-25";"24.8435";"24.9135";"23.8535";"23.931";"-3.61"
"2020-03-26";"23.948";"24.2485";"22.9368";"22.93";"-4.18"
"2020-03-27";"22.943";"23.6304";"22.854";"23.301";"+1.62"
"2020-03-30";"23.705";"24.565";"23.477";"23.788";"+2.09"
"2020-03-31";"23.804";"24.1698";"23.327";"23.714";"-0.31"
"2020-04-01";"23.719";"24.6266";"23.6052";"24.201";"+2.05"
"2020-04-02";"24.2385";"24.5205";"23.7825";"24.221";"+0.08"
"2020-04-03";"24.226";"25.055";"24.2005";"24.961";"+3.06"
"2020-04-06";"25.09";"25.7573";"24.578";"24.6266";"-1.34"
"2020-04-07";"24.6316";"24.6866";"23.8214";"24.295";"-1.35"
"2020-04-08";"24.3115";"24.7889";"23.9331";"24.0075";"-1.18"
"2020-04-09";"24.0125";"24.0954";"23.3379";"23.56";"-1.86"
"2020-04-10";"23.57";"23.7903";"23.3328";"23.33";"-0.98"
"2020-04-13";"23.325";"23.8774";"23.2525";"23.586";"+1.10"
"2020-04-14";"23.6631";"23.7668";"23.3792";"23.37";"-0.92"
"2020-04-15";"23.385";"24.1959";"23.3605";"23.974";"+2.58"
"2020-04-16";"23.9986";"24.436";"23.9657";"24.001";"+0.11"
"2020-04-17";"24.0255";"24.153";"23.6075";"23.671";"-1.37"
"2020-04-20";"23.875";"24.244";"23.86";"24.038";"+1.55"
"2020-04-21";"24.049";"24.549";"23.9657";"24.393";"+1.48"
"2020-04-22";"24.3923";"24.702";"24.2069";"24.467";"+0.30"
"2020-04-23";"24.492";"24.8575";"24.3101";"24.806";"+1.39"
"2020-04-24";"24.8075";"25.2975";"24.5962";"24.949";"+0.58"
"2020-04-27";"25.005";"25.0352";"24.6732";"24.6759";"-1.09"
"2020-04-28";"24.6925";"24.9072";"24.2104";"24.271";"-1.64"
"2020-04-29";"24.2945";"24.3347";"23.7393";"23.738";"-2.20"
"2020-04-30";"23.7415";"24.197";"23.6325";"24.151";"+1.74"
"2020-05-01";"24.175";"24.886";"24.1066";"24.5681";"+1.73"
"2020-05-04";"24.7335";"24.8871";"24.0583";"24.06";"-2.07"
"2020-05-05";"24.07";"24.1805";"23.777";"23.986";"-0.31"
"2020-05-06";"24.003";"24.4185";"23.8638";"24.353";"+1.53"
"2020-05-07";"24.385";"24.551";"23.9187";"24.031";"-1.32"
"2020-05-08";"24.061";"24.1335";"23.5535";"23.621";"-1.71"
"2020-05-11";"23.692";"23.9825";"23.5387";"23.921";"+1.27"
"2020-05-12";"23.9275";"24.4244";"23.7511";"24.355";"+1.81"
"2020-05-13";"24.358";"24.3999";"23.9974";"24.2009";"-0.63"
"2020-05-14";"24.2059";"24.3892";"23.7395";"23.86";"-1.41"
"2020-05-15";"23.871";"24.1252";"23.7518";"23.9282";"+0.29"
"2020-05-18";"24.006";"24.0074";"23.4471";"23.746";"-0.76"
"2020-05-19";"23.759";"23.7992";"23.4435";"23.681";"-0.27"
"2020-05-20";"23.6815";"23.7544";"23.0545";"23.191";"-2.07"
"2020-05-21";"23.1995";"23.2803";"22.7507";"22.8644";"-1.41"
"2020-05-22";"22.8649";"23.165";"22.707";"22.725";"-0.61"
"2020-05-25";"22.7225";"22.7717";"22.5185";"22.5342";"-0.84"
"2020-05-26";"22.5494";"22.5917";"22.1054";"22.186";"-1.55"
"2020-05-27";"22.1995";"22.4925";"22.1405";"22.288";"+0.46"
"2020-05-28";"22.304";"22.4216";"22.0953";"22.2179";"-0.31"
"2020-05-29";"22.2184";"22.344";"21.9972";"22.1675";"-0.23"
"2020-06-01";"22.2801";"22.286";"21.9294";"22.024";"-0.65"
"2020-06-02";"22.033";"22.1189";"21.5758";"21.7817";"-1.10"
"2020-06-03";"21.79";"21.8133";"21.5019";"21.7579";"-0.11"
"2020-06-04";"21.7715";"21.9964";"21.7003";"21.928";"+0.78"
"2020-06-05";"21.9095";"21.955";"21.4909";"21.5844";"-1.57"
"2020-06-08";"21.5707";"21.7262";"21.4736";"21.492";"-0.43"
"2020-06-09";"21.5045";"21.934";"21.4601";"21.9017";"+1.91"
"2020-06-10";"21.9172";"22.045";"21.6785";"21.857";"-0.20"
"2020-06-11";"21.8745";"22.7922";"21.851";"22.7368";"+4.03"
"2020-06-12";"22.7632";"22.9476";"22.1795";"22.2189";"-2.28"
"2020-06-15";"22.3577";"22.7599";"22.124";"22.2139";"-0.02"
"2020-06-16";"22.2239";"22.3985";"21.8919";"22.3095";"+0.43"
"2020-06-17";"22.323";"22.4732";"22.1525";"22.301";"-0.04"
"2020-06-18";"22.314";"22.8301";"22.1887";"22.7418";"+1.98"
"2020-06-19";"22.753";"22.7728";"22.4986";"22.6328";"-0.48"
"2020-06-22";"22.653";"22.6765";"22.3004";"22.486";"-0.65"
"2020-06-23";"22.487";"22.6815";"22.2811";"22.4082";"-0.35"
"2020-06-24";"22.4139";"22.8045";"22.3039";"22.7772";"+1.65"
"2020-06-25";"22.7851";"22.9885";"22.627";"22.6452";"-0.58"
"2020-06-26";"22.6624";"23.0774";"22.6297";"23.0485";"+1.78"
"2020-06-29";"23.0684";"23.2045";"22.9244";"23.0595";"+0.05"
"2020-06-30";"23.0714";"23.2305";"22.9314";"22.9889";"-0.31"
"2020-07-01";"22.9987";"23.0932";"22.6162";"22.666";"-1.40"
"2020-07-02";"22.6745";"22.7482";"22.4014";"22.465";"-0.89"
"2020-07-03";"22.477";"22.601";"22.3729";"22.3915";"-0.33"
"2020-07-06";"22.4145";"22.4233";"22.1509";"22.3259";"-0.29"
"2020-07-07";"22.3363";"22.8915";"22.2509";"22.841";"+2.31"
"2020-07-08";"22.859";"22.9175";"22.6382";"22.655";"-0.81"
"2020-07-09";"22.6645";"22.782";"22.5308";"22.626";"-0.13"
"2020-07-10";"22.6425";"22.8545";"22.4312";"22.4435";"-0.81"
"2020-07-13";"22.457";"22.7715";"22.3683";"22.7615";"+1.42"
"2020-07-14";"22.762";"22.7836";"22.4189";"22.443";"-1.40"
"2020-07-15";"22.4545";"22.461";"22.2495";"22.322";"-0.54"
"2020-07-16";"22.327";"22.4746";"22.269";"22.4119";"+0.40"
"2020-07-17";"22.4238";"22.6244";"22.3764";"22.54";"+0.57"
"2020-07-20";"22.557";"22.7275";"22.4497";"22.479";"-0.27"
"2020-07-21";"22.494";"22.5191";"22.2602";"22.3327";"-0.65"
"2020-07-22";"22.338";"22.4348";"22.1784";"22.358";"+0.11"
"2020-07-23";"22.37";"22.5638";"22.2472";"22.489";"+0.59"
"2020-07-24";"22.512";"22.6354";"22.232";"22.259";"-1.02"
"2020-07-27";"22.2945";"22.325";"21.9181";"21.914";"-1.55"
"2020-07-28";"21.9225";"22.1094";"21.8914";"21.925";"+0.05"
"2020-07-29";"21.943";"22.0559";"21.8384";"21.961";"+0.16"
"2020-07-30";"21.975";"22.2484";"21.9564";"22.004";"+0.20"
"2020-07-31";"22.0265";"22.309";"21.9696";"22.2714";"+1.22"
"2020-08-03";"22.2644";"22.7017";"22.2535";"22.6246";"+1.59"
"2020-08-04";"22.639";"22.9225";"22.5287";"22.647";"+0.10"
"2020-08-05";"22.669";"22.691";"22.329";"22.3576";"-1.28"
"2020-08-06";"22.3734";"22.6143";"22.2983";"22.368";"+0.05"
"2020-08-07";"22.3965";"22.6147";"22.3404";"22.3576";"-0.05"
"2020-08-10";"22.3855";"22.5471";"22.347";"22.447";"+0.40"
"2020-08-11";"22.4715";"22.5214";"22.2583";"22.386";"-0.27"
"2020-08-12";"22.4";"22.5006";"22.2596";"22.342";"-0.20"
"2020-08-13";"22.3535";"22.4109";"22.1357";"22.132";"-0.94"
"2020-08-14";"22.189";"22.243";"21.9324";"21.9742";"-0.71"
"2020-08-17";"21.97";"22.2186";"21.9004";"22.167";"+0.88"
"2020-08-18";"22.1845";"22.2199";"22.0078";"22.1496";"-0.08"
"2020-08-19";"22.159";"22.1926";"21.9959";"22.1231";"-0.12"
"2020-08-20";"22.1382";"22.3304";"22.0731";"22.074";"-0.22"
"2020-08-21";"22.076";"22.1896";"21.9424";"21.9598";"-0.52"
"2020-08-24";"21.9741";"22.0439";"21.879";"21.979";"+0.09"
"2020-08-25";"22";"22.0278";"21.8748";"21.885";"-0.43"
"2020-08-26";"21.893";"21.9871";"21.8778";"21.931";"+0.21"
"2020-08-27";"21.942";"22.2274";"21.8211";"22.1338";"+0.92"
"2020-08-28";"22.1495";"22.1626";"21.7413";"21.7523";"-1.72"
"2020-08-31";"21.76";"21.985";"21.7404";"21.8785";"+0.58"
"2020-09-01";"21.8915";"21.9605";"21.6754";"21.79";"-0.40"
"2020-09-02";"21.7925";"21.91";"21.7017";"21.71";"-0.37"
"2020-09-03";"21.726";"21.8315";"21.5452";"21.66";"-0.23"
"2020-09-04";"21.6495";"21.7475";"21.4977";"21.566";"-0.43"
"2020-09-07";"21.5326";"21.6659";"21.5301";"21.6195";"+0.25"
"2020-09-08";"21.6245";"21.8797";"21.5662";"21.76";"+0.65"
"2020-09-09";"21.774";"21.9431";"21.3365";"21.352";"-1.88"
"2020-09-10";"21.365";"21.5007";"21.2045";"21.436";"+0.39"
"2020-09-11";"21.433";"21.4592";"21.2367";"21.2663";"-0.79"
"2020-09-14";"21.293";"21.2962";"21.0387";"21.074";"-0.90"
"2020-09-15";"21.0885";"21.1721";"20.9517";"21.143";"+0.33"
"2020-09-16";"21.1555";"21.1719";"20.9214";"20.929";"-1.01"
"2020-09-17";"20.944";"21.1512";"20.8458";"20.851";"-0.37"
"2020-09-18";"20.866";"21.1453";"20.8382";"21.1272";"+1.32"
"2020-09-21";"21.0975";"21.603";"21.0491";"21.346";"+1.04"
"2020-09-22";"21.3625";"21.7915";"21.289";"21.723";"+1.77"
"2020-09-23";"21.74";"22.4436";"21.6635";"22.3812";"+3.03"
"2020-09-24";"22.3836";"22.7016";"21.9527";"22.147";"-1.05"
"2020-09-25";"22.17";"22.5646";"21.9801";"22.3389";"+0.87"
"2020-09-28";"22.3464";"22.6589";"22.1404";"22.395";"+0.25"
"2020-09-29";"22.4175";"22.5479";"22.1762";"22.464";"+0.31"
"2020-09-30";"22.436";"22.5645";"22.025";"22.099";"-1.62"
"2020-10-01";"22.1065";"22.14";"21.7843";"21.823";"-1.25"
"2020-10-02";"21.832";"22.0688";"21.5654";"21.6103";"-0.97"
"2020-10-05";"21.6085";"21.6467";"21.2988";"21.383";"-1.05"
"2020-10-06";"21.4";"21.7645";"21.2492";"21.721";"+1.58"
"2020-10-07";"21.7345";"21.7393";"21.3542";"21.454";"-1.23"
"2020-10-08";"21.477";"21.5064";"21.346";"21.372";"-0.38"
"2020-10-09";"21.379";"21.4095";"21.1169";"21.1396";"-1.09"
"2020-10-12";"21.165";"21.3075";"21.1268";"21.226";"+0.41"
"2020-10-13";"21.241";"21.4895";"21.149";"21.347";"+0.57"
"2020-10-14";"21.362";"21.471";"21.2364";"21.333";"-0.07"
"2020-10-15";"21.315";"21.55";"21.2582";"21.2749";"-0.27"
"2020-10-16";"21.2745";"21.389";"21.0888";"21.123";"-0.71"
"2020-10-19";"21.1175";"21.2971";"21.0448";"21.188";"+0.31"
"2020-10-20";"21.2005";"21.271";"21.0324";"21.1211";"-0.32"
"2020-10-21";"21.1215";"21.1369";"20.986";"21.098";"-0.11"
"2020-10-22";"21.109";"21.2261";"20.9403";"20.948";"-0.71"
"2020-10-23";"20.96";"21.0515";"20.8366";"20.868";"-0.38"
"2020-10-26";"20.8925";"21.136";"20.8839";"20.915";"+0.23"
"2020-10-27";"20.9325";"21.0543";"20.8244";"21.029";"+0.55"
"2020-10-28";"21.0395";"21.3782";"21.0037";"21.28";"+1.19"
"2020-10-29";"21.29";"21.4923";"21.1333";"21.387";"+0.50"
"2020-10-30";"21.3876";"21.5001";"21.169";"21.171";"-1.01"
"2020-11-02";"21.244";"21.5002";"21.2161";"21.3743";"+0.96"
"2020-11-03";"21.3754";"21.392";"21.0142";"21.1";"-1.28"
"2020-11-04";"21.125";"21.995";"20.8813";"20.901";"-0.94"
"2020-11-05";"20.9405";"21.0535";"20.619";"20.67";"-1.11"
"2020-11-06";"20.707";"20.8755";"20.5089";"20.544";"-0.61"
"2020-11-09";"20.551";"20.5615";"20.0236";"20.328";"-1.05"
"2020-11-10";"20.338";"20.4935";"20.2663";"20.313";"-0.07"
"2020-11-11";"20.3305";"20.6178";"20.2385";"20.464";"+0.74"
"2020-11-12";"20.4655";"20.6891";"20.4226";"20.633";"+0.83"
"2020-11-13";"20.649";"20.6969";"20.3611";"20.3917";"-1.17"
"2020-11-16";"20.3994";"20.3994";"20.1466";"20.246";"-0.71"
"2020-11-17";"20.2625";"20.4455";"20.2328";"20.307";"+0.30"
"2020-11-18";"20.285";"20.3765";"20.1644";"20.362";"+0.27"
"2020-11-19";"20.3185";"20.4402";"20.1047";"20.179";"-0.90"
"2020-11-20";"20.1945";"20.2965";"20.0465";"20.0975";"-0.40"
"2020-11-23";"20.114";"20.216";"19.9424";"20.162";"+0.32"
"2020-11-24";"20.152";"20.167";"19.9813";"19.998";"-0.81"
"2020-11-25";"20.02";"20.1091";"19.9424";"19.939";"-0.30"
"2020-11-26";"19.9635";"20.0779";"19.9272";"20.027";"+0.44"
"2020-11-27";"20.038";"20.1102";"19.958";"20.0265";"0.00"
"2020-11-30";"20.045";"20.2233";"20.0154";"20.166";"+0.70"
"2020-12-01";"20.1825";"20.2115";"19.9775";"20.019";"-0.73"
"2020-12-02";"20.025";"20.1535";"19.9525";"19.96";"-0.29"
"2020-12-03";"19.97";"20.0404";"19.8501";"19.879";"-0.41"
"2020-12-04";"19.8945";"19.93";"19.7295";"19.7682";"-0.56"
"2020-12-07";"19.7725";"19.9809";"19.7619";"19.857";"+0.45"
"2020-12-08";"19.8825";"19.9226";"19.6903";"19.765";"-0.46"
"2020-12-09";"19.7835";"20.0089";"19.6902";"19.856";"+0.46"
"2020-12-10";"19.864";"20.0499";"19.8174";"19.995";"+0.70"
"2020-12-11";"20.0125";"20.2008";"19.9476";"20.1351";"+0.70"
"2020-12-14";"20.1165";"20.2549";"19.9904";"20.2412";"+0.53"
"2020-12-15";"20.2425";"20.2621";"19.8878";"19.888";"-1.74"
"2020-12-16";"19.9055";"20.0076";"19.8075";"19.824";"-0.32"
"2020-12-17";"19.8485";"19.8974";"19.7257";"19.794";"-0.15"
"2020-12-18";"19.819";"20.0471";"19.7861";"19.9355";"+0.71"
"2020-12-21";"19.96";"20.6625";"19.8873";"19.941";"+0.03"
"2020-12-22";"19.952";"20.1925";"19.9403";"20.1311";"+0.95"
"2020-12-23";"20.1395";"20.2133";"20.0038";"20.0491";"-0.41"
"2020-12-24";"20.0632";"20.0797";"19.8277";"19.857";"-0.96"
"2020-12-25";"19.886";"19.9131";"19.8525";"19.8561";"0.00"
"2020-12-28";"19.9263";"20.1283";"19.8298";"20.001";"+0.73"
"2020-12-29";"20.016";"20.075";"19.8582";"19.89";"-0.55"
"2020-12-30";"19.9065";"20.0506";"19.8039";"19.89";"0.00"
"2020-12-31";"19.908";"19.97";"19.8314";"19.871";"-0.10"
"2021-01-01";"19.8885";"19.9053";"19.8639";"19.875";"+0.02"
"2021-01-04";"19.8948";"19.9988";"19.7086";"19.953";"+0.39"
"2021-01-05";"19.9755";"20.1174";"19.8022";"19.878";"-0.38"
"2021-01-06";"19.899";"19.9977";"19.5986";"19.635";"-1.22"
"2021-01-07";"19.64";"20.0974";"19.611";"19.9994";"+1.86"
"2021-01-08";"20.0134";"20.1551";"19.8642";"20.0069";"+0.04"
"2021-01-11";"20.009";"20.2686";"19.9877";"20.0585";"+0.26"
"2021-01-12";"20.0726";"20.1235";"19.7698";"19.773";"-1.42"
"2021-01-13";"19.7935";"19.9004";"19.7306";"19.8392";"+0.33"
"2021-01-14";"19.8533";"19.8957";"19.6348";"19.7061";"-0.67"
"2021-01-15";"19.7181";"19.9031";"19.6812";"19.772";"+0.33"
"2021-01-18";"19.8175";"19.9705";"19.6525";"19.6708";"-0.51"
"2021-01-19";"19.6864";"19.7347";"19.5958";"19.65";"-0.11"
"2021-01-20";"19.6715";"19.6775";"19.5516";"19.588";"-0.32"
"2021-01-21";"19.6015";"19.81";"19.5436";"19.714";"+0.64"
"2021-01-22";"19.7295";"20.0075";"19.7146";"19.963";"+1.26"
"2021-01-25";"19.965";"20.241";"19.8508";"20.1037";"+0.70"
"2021-01-26";"20.1157";"20.2981";"19.9337";"19.963";"-0.70"
"2021-01-27";"19.986";"20.3342";"19.977";"20.28";"+1.59"
"2021-01-28";"20.2771";"20.465";"20.1268";"20.2316";"-0.24"
"2021-01-29";"20.25";"20.6045";"20.0826";"20.5855";"+1.75"
"2021-02-01";"20.475";"20.5187";"20.2633";"20.365";"-1.07"
"2021-02-02";"20.381";"20.3913";"20.1106";"20.115";"-1.23"
"2021-02-03";"20.131";"20.2554";"20.0625";"20.185";"+0.35"
"2021-02-04";"20.2075";"20.5072";"20.1702";"20.371";"+0.92"
"2021-02-05";"20.395";"20.43";"20.0718";"20.077";"-1.44"
"2021-02-08";"20.1133";"20.2531";"20.0678";"20.101";"+0.12"
"2021-02-09";"20.11";"20.1605";"20.0019";"20.075";"-0.13"
"2021-02-10";"20.098";"20.1577";"19.9921";"20.021";"-0.27"
"2021-02-11";"20.0445";"20.065";"19.8953";"19.943";"-0.39"
"2021-02-12";"19.9635";"20.0975";"19.8962";"19.93";"-0.07"
"2021-02-15";"19.944";"19.9849";"19.885";"19.95";"+0.10"
"2021-02-16";"19.965";"20.2528";"19.9216";"20.133";"+0.92"
"2021-02-17";"20.1475";"20.3944";"20.136";"20.207";"+0.37"
"2021-02-18";"20.2295";"20.4851";"20.1347";"20.289";"+0.41"
"2021-02-19";"20.31";"20.5297";"20.2516";"20.425";"+0.67"
"2021-02-22";"20.4782";"20.8347";"20.4525";"20.714";"+1.41"
"2021-02-23";"20.7315";"20.7668";"20.4965";"20.5";"-1.03"
"2021-02-24";"20.514";"20.5583";"20.3489";"20.359";"-0.69"
"2021-02-25";"20.3765";"21.0395";"20.3695";"20.836";"+2.34"
"2021-02-26";"20.8525";"21.051";"20.7777";"20.848";"+0.06"
"2021-03-01";"20.862";"20.8753";"20.5751";"20.64";"-1.00"
"2021-03-02";"20.657";"20.7944";"20.5544";"20.596";"-0.21"
"2021-03-03";"20.6115";"20.9998";"20.5493";"20.935";"+1.65"
"2021-03-04";"20.9465";"21.1728";"20.756";"21.118";"+0.87"
"2021-03-05";"21.1265";"21.4227";"21.0875";"21.301";"+0.87"
"2021-03-08";"21.254";"21.6381";"21.2135";"21.509";"+0.98"
"2021-03-09";"21.518";"21.5723";"21.128";"21.188";"-1.49"
"2021-03-10";"21.197";"21.2835";"20.8669";"20.872";"-1.49"
"2021-03-11";"20.8855";"20.9268";"20.5798";"20.598";"-1.31"
"2021-03-12";"20.608";"20.9344";"20.5896";"20.725";"+0.62"
"2021-03-15";"20.7205";"20.8293";"20.6266";"20.631";"-0.45"
"2021-03-16";"20.6485";"20.7337";"20.5222";"20.6213";"-0.05"
"2021-03-17";"20.622";"20.8148";"20.3111";"20.388";"-1.13"
"2021-03-18";"20.4";"20.5969";"20.2803";"20.471";"+0.41"
"2021-03-19";"20.4855";"20.5519";"20.286";"20.494";"+0.11"
"2021-03-22";"20.7825";"20.8433";"20.5296";"20.555";"+0.30"
"2021-03-23";"20.5725";"20.8647";"20.5307";"20.831";"+1.34"
"2021-03-24";"20.8485";"20.9743";"20.6634";"20.921";"+0.43"
"2021-03-25";"20.938";"20.9466";"20.5825";"20.675";"-1.18"
"2021-03-26";"20.684";"20.7362";"20.537";"20.58";"-0.46"
"2021-03-29";"20.6375";"20.7903";"20.5604";"20.6081";"+0.14"
"2021-03-30";"20.6087";"20.7089";"20.5424";"20.57";"-0.18"
"2021-03-31";"20.5875";"20.6365";"20.4032";"20.422";"-0.72"
"2021-04-01";"20.439";"20.498";"20.2686";"20.275";"-0.72"
"2021-04-02";"20.297";"20.3515";"20.2665";"20.295";"+0.10"
"2021-04-05";"20.289";"20.3843";"20.2285";"20.3";"+0.02"
"2021-04-06";"20.312";"20.3871";"20.1395";"20.1656";"-0.66"
"2021-04-07";"20.1595";"20.2565";"20.1423";"20.2054";"+0.20"
"2021-04-08";"20.1985";"20.2307";"20.0636";"20.086";"-0.59"
"2021-04-09";"20.1025";"20.2289";"20.0684";"20.146";"+0.30"
"2021-04-12";"20.1642";"20.2234";"20.0697";"20.128";"-0.09"
"2021-04-13";"20.1405";"20.2425";"20.0417";"20.0843";"-0.22"
"2021-04-14";"20.0849";"20.1322";"20.0103";"20.061";"-0.12"
"2021-04-15";"20.073";"20.0999";"19.8996";"19.934";"-0.63"
"2021-04-16";"19.94";"19.9954";"19.889";"19.915";"-0.10"
"2021-04-19";"19.914";"19.9405";"19.7922";"19.813";"-0.51"
"2021-04-20";"19.8185";"20.0005";"19.78";"19.96";"+0.74"
"2021-04-21";"19.9725";"19.996";"19.8505";"19.873";"-0.44"
"2021-04-22";"19.8835";"19.9873";"19.8584";"19.914";"+0.21"
"2021-04-23";"19.931";"19.956";"19.8055";"19.815";"-0.50"
"2021-04-26";"19.847";"19.9046";"19.7958";"19.85";"+0.18"
"2021-04-27";"19.8585";"20.0783";"19.851";"20.04";"+0.96"
"2021-04-28";"20.0575";"20.0935";"19.8531";"19.901";"-0.69"
"2021-04-29";"19.916";"20.1705";"19.861";"20.04";"+0.70"
"2021-04-30";"20.052";"20.285";"20.0125";"20.226";"+0.93"
"2021-05-03";"20.2415";"20.319";"20.1395";"20.161";"-0.32"
"2021-05-04";"20.177";"20.3365";"20.139";"20.18";"+0.09"
"2021-05-05";"20.203";"20.299";"20.148";"20.244";"+0.32"
"2021-05-06";"20.26";"20.308";"20.0655";"20.058";"-0.92"
"2021-05-07";"20.0815";"20.1257";"19.8535";"19.9";"-0.79"
"2021-05-10";"19.9073";"19.9583";"19.8585";"19.922";"+0.11"
"2021-05-11";"19.933";"20.0014";"19.8253";"19.949";"+0.14"
"2021-05-12";"19.967";"20.1856";"19.9253";"20.156";"+1.04"
"2021-05-13";"20.168";"20.2145";"19.9132";"19.925";"-1.15"
"2021-05-14";"19.9365";"19.9734";"19.753";"19.857";"-0.34"
"2021-05-17";"19.868";"19.948";"19.7614";"19.769";"-0.44"
"2021-05-18";"19.784";"19.8718";"19.7183";"19.832";"+0.32"
"2021-05-19";"19.838";"19.9776";"19.7955";"19.917";"+0.43"
"2021-05-20";"19.928";"19.9625";"19.8384";"19.8611";"-0.28"
"2021-05-21";"19.8664";"20.0165";"19.8619";"19.932";"+0.36"
"2021-05-24";"19.9685";"19.9956";"19.8455";"19.85";"-0.41"
"2021-05-25";"19.859";"19.9335";"19.8097";"19.914";"+0.32"
"2021-05-26";"19.919";"19.928";"19.8299";"19.867";"-0.24"
"2021-05-27";"19.8705";"20.0467";"19.826";"19.941";"+0.37"
"2021-05-28";"19.9471";"20.0784";"19.8972";"19.905";"-0.18"
"2021-05-31";"19.9275";"19.9605";"19.8835";"19.9461";"+0.21"
"2021-06-01";"19.9535";"19.9885";"19.84";"19.964";"+0.09"
"2021-06-02";"19.976";"20.028";"19.879";"19.886";"-0.39"
"2021-06-03";"19.898";"20.18";"19.891";"20.154";"+1.35"
"2021-06-04";"20.1645";"20.219";"19.9015";"19.958";"-0.97"
"2021-06-07";"19.945";"19.972";"19.7345";"19.7991";"-0.80"
"2021-06-08";"19.8065";"19.8579";"19.689";"19.694";"-0.53"
"2021-06-09";"19.704";"19.7917";"19.5967";"19.7315";"+0.19"
"2021-06-10";"19.737";"19.778";"19.6497";"19.679";"-0.27"
"2021-06-11";"19.6905";"20.0039";"19.6416";"19.8775";"+1.01"
"2021-06-14";"19.8818";"19.982";"19.8384";"19.948";"+0.35"
"2021-06-15";"19.9655";"20.195";"19.8847";"20.005";"+0.29"
"2021-06-16";"20.0235";"20.4315";"19.9524";"20.402";"+1.98"
"2021-06-17";"20.409";"20.623";"20.3262";"20.413";"+0.05"
"2021-06-18";"20.425";"20.7507";"20.375";"20.658";"+1.20"
"2021-06-21";"20.6405";"20.7159";"20.449";"20.4749";"-0.89"
"2021-06-22";"20.484";"20.6756";"20.325";"20.335";"-0.68"
"2021-06-23";"20.3505";"20.4167";"20.1675";"20.165";"-0.84"
"2021-06-24";"20.2076";"20.2172";"19.714";"19.8505";"-1.56"
"2021-06-25";"19.8645";"19.908";"19.7045";"19.809";"-0.21"
"2021-06-28";"19.8235";"19.9024";"19.7505";"19.8199";"+0.06"
"2021-06-29";"19.8252";"19.8855";"19.767";"19.803";"-0.09"
"2021-06-30";"19.8175";"19.969";"19.7815";"19.931";"+0.65"
"2021-07-01";"19.945";"20.0872";"19.9023";"19.986";"+0.28"
"2021-07-02";"19.999";"20.0545";"19.7444";"19.758";"-1.14"
"2021-07-05";"19.7865";"19.8752";"19.7735";"19.8481";"+0.46"
"2021-07-06";"19.8534";"20.0795";"19.7726";"20.011";"+0.82"
"2021-07-07";"20.017";"20.1056";"19.9062";"19.923";"-0.44"
"2021-07-08";"19.947";"20.1619";"19.9337";"19.994";"+0.36"
"2021-07-09";"20.0055";"20.0405";"19.843";"19.849";"-0.73"
"2021-07-12";"19.8575";"20.0128";"19.8298";"19.8453";"-0.02"
"2021-07-13";"19.8498";"20.0845";"19.8131";"20.054";"+1.05"
"2021-07-14";"20.0605";"20.0644";"19.8561";"19.8669";"-0.93"
"2021-07-15";"19.8811";"20.0009";"19.8668";"19.935";"+0.34"
"2021-07-16";"19.9455";"19.9566";"19.8245";"19.875";"-0.30"
"2021-07-19";"19.9035";"20.102";"19.898";"20.071";"+0.99"
"2021-07-20";"20.0805";"20.1975";"19.9995";"20.1389";"+0.34"
"2021-07-21";"20.1561";"20.2525";"20.1119";"20.131";"-0.04"
"2021-07-22";"20.1445";"20.2261";"20.0817";"20.105";"-0.13"
"2021-07-23";"20.123";"20.1483";"19.9904";"20.042";"-0.31"
"2021-07-26";"20.072";"20.1668";"19.9893";"20.027";"-0.07"
"2021-07-27";"20.041";"20.1397";"19.9461";"19.971";"-0.28"
"2021-07-28";"19.98";"20.035";"19.8762";"19.906";"-0.33"
"2021-07-29";"19.916";"19.9404";"19.8162";"19.838";"-0.34"
"2021-07-30";"19.854";"19.9338";"19.7985";"19.855";"+0.09"
"2021-08-02";"19.899";"19.929";"19.8015";"19.896";"+0.21"
"2021-08-03";"19.91";"19.9307";"19.8272";"19.87";"-0.13"
"2021-08-04";"19.889";"20.004";"19.8139";"19.98";"+0.55"
"2021-08-05";"19.984";"20";"19.8874";"19.914";"-0.33"
"2021-08-06";"19.93";"20.0905";"19.8957";"20.024";"+0.55"
"2021-08-09";"20.0815";"20.129";"19.9955";"20.066";"+0.21"
"2021-08-10";"20.075";"20.177";"20.043";"20.082";"+0.08"
"2021-08-11";"20.0905";"20.1222";"19.9054";"19.915";"-0.83"
"2021-08-12";"19.9325";"19.9755";"19.856";"19.946";"+0.16"
"2021-08-13";"19.9625";"19.992";"19.8288";"19.859";"-0.44"
"2021-08-16";"19.88";"19.9286";"19.8431";"19.886";"+0.14"
"2021-08-17";"19.903";"20.0325";"19.8715";"19.997";"+0.56"
"2021-08-18";"20.0105";"20.0492";"19.9471";"20.0425";"+0.23"
"2021-08-19";"20.0459";"20.212";"20.029";"20.152";"+0.55"
"2021-08-20";"20.1625";"20.4678";"20.1453";"20.347";"+0.97"
"2021-08-23";"20.4055";"20.447";"20.2851";"20.301";"-0.23"
"2021-08-24";"20.321";"20.3657";"20.1975";"20.2";"-0.50"
"2021-08-25";"20.2145";"20.3575";"20.166";"20.215";"+0.07"
"2021-08-26";"20.228";"20.3905";"20.2076";"20.351";"+0.67"
"2021-08-27";"20.3625";"20.4395";"20.1679";"20.1922";"-0.78"
"2021-08-30";"20.182";"20.2275";"20.1045";"20.1301";"-0.31"
"2021-08-31";"20.1401";"20.1533";"20.0266";"20.063";"-0.33"
"2021-09-01";"20.073";"20.1021";"19.9293";"19.982";"-0.40"
"2021-09-02";"19.9955";"20.0231";"19.9218";"19.9557";"-0.13"
"2021-09-03";"19.961";"19.9904";"19.8428";"19.915";"-0.20"
"2021-09-06";"19.9095";"19.9354";"19.8659";"19.909";"-0.03"
"2021-09-07";"19.917";"19.973";"19.8831";"19.922";"+0.07"
"2021-09-08";"19.938";"19.9912";"19.8846";"19.931";"+0.05"
"2021-09-09";"19.93";"19.9735";"19.8737";"19.917";"-0.07"
"2021-09-10";"19.931";"19.9541";"19.846";"19.881";"-0.18"
"2021-09-13";"19.89";"19.9116";"19.8472";"19.865";"-0.08"
"2021-09-14";"19.8683";"19.933";"19.851";"19.903";"+0.19"
"2021-09-15";"19.9135";"19.928";"19.846";"19.854";"-0.25"
"2021-09-16";"19.8675";"19.9699";"19.8518";"19.931";"+0.39"
"2021-09-17";"19.9377";"20.0387";"19.9045";"20.0141";"+0.42"
"2021-09-20";"20.016";"20.2052";"20.0103";"20.1376";"+0.62"
"2021-09-21";"20.142";"20.1702";"20.057";"20.128";"-0.05"
"2021-09-22";"20.1355";"20.1528";"19.9295";"20.0831";"-0.22"
"2021-09-23";"20.0888";"20.1227";"19.9772";"20.0431";"-0.20"
"2021-09-24";"20.0488";"20.1936";"20.0448";"20.04";"-0.02"
"2021-09-27";"20.0665";"20.1595";"20.011";"20.093";"+0.26"
"2021-09-28";"20.1095";"20.4009";"20.0909";"20.3166";"+1.11"
"2021-09-29";"20.3315";"20.6595";"20.2763";"20.485";"+0.83"
"2021-09-30";"20.515";"20.6854";"20.4478";"20.63";"+0.71"
"2021-10-01";"20.6415";"20.733";"20.4058";"20.429";"-0.97"
"2021-10-04";"20.4455";"20.6264";"20.4167";"20.479";"+0.24"
"2021-10-05";"20.489";"20.6192";"20.4795";"20.552";"+0.36"
"2021-10-06";"20.573";"20.8934";"20.541";"20.549";"-0.01"
"2021-10-07";"20.5565";"20.6998";"20.4545";"20.643";"+0.46"
"2021-10-08";"20.66";"20.7961";"20.5256";"20.689";"+0.22"
"2021-10-11";"20.737";"20.889";"20.6991";"20.855";"+0.80"
"2021-10-12";"20.873";"20.9037";"20.739";"20.7752";"-0.38"
"2021-10-13";"20.7806";"20.8039";"20.545";"20.5475";"-1.10"
"2021-10-14";"20.5523";"20.6633";"20.5058";"20.539";"-0.04"
"2021-10-15";"20.5645";"20.5982";"20.3165";"20.329";"-1.02"
"2021-10-18";"20.3385";"20.4963";"20.3043";"20.4036";"+0.37"
"2021-10-19";"20.4105";"20.4405";"20.2106";"20.227";"-0.87"
"2021-10-20";"20.2405";"20.288";"20.1567";"20.1972";"-0.15"
"2021-10-21";"20.2085";"20.3531";"20.1864";"20.293";"+0.47"
"2021-10-22";"20.3045";"20.3414";"20.1249";"20.165";"-0.63"
"2021-10-25";"20.1805";"20.2325";"20.1529";"20.153";"-0.06"
"2021-10-26";"20.169";"20.2411";"20.1138";"20.2";"+0.23"
"2021-10-27";"20.215";"20.3405";"20.1478";"20.301";"+0.50"
"2021-10-28";"20.314";"20.4247";"20.2526";"20.365";"+0.32"
"2021-10-29";"20.3765";"20.6361";"20.3415";"20.545";"+0.88"
"2021-11-01";"20.5745";"20.8948";"20.5427";"20.831";"+1.39"
"2021-11-02";"20.845";"20.9174";"20.7054";"20.777";"-0.26"
"2021-11-03";"20.792";"20.9841";"20.5075";"20.53";"-1.19"
"2021-11-04";"20.54";"20.6668";"20.4881";"20.5382";"+0.04"
"2021-11-05";"20.543";"20.6521";"20.303";"20.317";"-1.08"
"2021-11-08";"20.369";"20.4318";"20.2855";"20.32";"+0.01"
"2021-11-09";"20.335";"20.3811";"20.2463";"20.301";"-0.09"
"2021-11-10";"20.3185";"20.6478";"20.3044";"20.621";"+1.58"
"2021-11-11";"20.6385";"20.699";"20.4471";"20.6328";"+0.06"
"2021-11-12";"20.6459";"20.7274";"20.4453";"20.509";"-0.60"
"2021-11-15";"20.52";"20.6825";"20.4706";"20.603";"+0.46"
"2021-11-16";"20.6155";"20.8549";"20.5567";"20.7216";"+0.58"
"2021-11-17";"20.7369";"20.8083";"20.6343";"20.64";"-0.39"
"2021-11-18";"20.6515";"20.895";"20.619";"20.765";"+0.61"
"2021-11-19";"20.7815";"20.8941";"20.663";"20.8415";"+0.37"
"2021-11-22";"20.856";"21.0299";"20.816";"20.985";"+0.69"
"2021-11-23";"21.0025";"21.3117";"20.989";"21.1758";"+0.91"
"2021-11-24";"21.1911";"21.6155";"21.1856";"21.409";"+1.10"
"2021-11-25";"21.4265";"21.5977";"21.3606";"21.5575";"+0.69"
"2021-11-26";"21.5625";"22.155";"21.5625";"21.91";"+1.64"
"2021-11-29";"21.8901";"21.9949";"21.6292";"21.6686";"-1.10"
"2021-11-30";"21.6737";"21.8421";"21.2799";"21.4368";"-1.07"
"2021-12-01";"21.4475";"21.5223";"21.115";"21.5016";"+0.30"
"2021-12-02";"21.5173";"21.522";"21.2368";"21.248";"-1.18"
"2021-12-03";"21.265";"21.4974";"21.1574";"21.273";"+0.12"
"2021-12-06";"21.258";"21.3022";"21.1674";"21.207";"-0.31"
"2021-12-07";"21.224";"21.3079";"21.0033";"21.022";"-0.87"
"2021-12-08";"21.0355";"21.0445";"20.8811";"20.921";"-0.48"
"2021-12-09";"20.9355";"21.0826";"20.914";"20.937";"+0.08"
"2021-12-10";"20.946";"21.0594";"20.8382";"20.866";"-0.34"
"2021-12-13";"20.882";"21.0322";"20.8378";"21.01";"+0.69"
"2021-12-14";"21.02";"21.2835";"20.9641";"21.22";"+1.00"
"2021-12-15";"21.2375";"21.3668";"21.0051";"21.0071";"-1.00"
"2021-12-16";"21.0135";"21.0882";"20.7588";"20.805";"-0.96"
"2021-12-17";"20.822";"20.869";"20.6945";"20.833";"+0.13"
"2021-12-20";"20.8205";"20.9555";"20.6922";"20.774";"-0.28"
"2021-12-21";"20.7865";"20.8762";"20.7022";"20.801";"+0.13"
"2021-12-22";"20.8176";"20.8649";"20.6975";"20.695";"-0.51"
"2021-12-23";"20.7115";"20.7455";"20.6138";"20.625";"-0.34"
"2021-12-24";"20.647";"20.6682";"20.5725";"20.6";"-0.12"
"2021-12-27";"20.6175";"20.7454";"20.5812";"20.672";"+0.35"
"2021-12-28";"20.6885";"20.722";"20.5605";"20.642";"-0.15"
"2021-12-29";"20.658";"20.6828";"20.548";"20.559";"-0.40"
"2021-12-30";"20.5745";"20.6122";"20.4542";"20.4586";"-0.49"
"2021-12-31";"20.4636";"20.5265";"20.3269";"20.487";"+0.14"
"2022-01-03";"20.4944";"20.6605";"20.4104";"20.494";"+0.03"
"2022-01-04";"20.5115";"20.6423";"20.4149";"20.501";"+0.03"
"2022-01-05";"20.515";"20.612";"20.3424";"20.565";"+0.31"
"2022-01-06";"20.582";"20.7612";"20.4039";"20.486";"-0.38"
"2022-01-07";"20.504";"20.5223";"20.3525";"20.36";"-0.62"
"2022-01-10";"20.371";"20.5294";"20.3515";"20.36";"0.00"
"2022-01-11";"20.376";"20.4604";"20.3363";"20.375";"+0.07"
"2022-01-12";"20.3815";"20.4492";"20.3118";"20.334";"-0.20"
"2022-01-13";"20.35";"20.4245";"20.2983";"20.333";"0.00"
"2022-01-14";"20.346";"20.3713";"20.2773";"20.29";"-0.21"
"2022-01-17";"20.3025";"20.3625";"20.2753";"20.281";"-0.04"
"2022-01-18";"20.2955";"20.4557";"20.2764";"20.396";"+0.57"
"2022-01-19";"20.4055";"20.5335";"20.3216";"20.502";"+0.52"
"2022-01-20";"20.5155";"20.5725";"20.3829";"20.529";"+0.13"
"2022-01-21";"20.543";"20.5578";"20.429";"20.451";"-0.38"
"2022-01-24";"20.488";"20.6921";"20.437";"20.561";"+0.54"
"2022-01-25";"20.577";"20.6971";"20.5685";"20.6";"+0.19"
"2022-01-26";"20.6175";"20.7796";"20.5488";"20.731";"+0.64"
"2022-01-27";"20.7475";"20.8114";"20.652";"20.749";"+0.09"
"2022-01-28";"20.7655";"20.9134";"20.7157";"20.789";"+0.19"
"2022-01-31";"20.8195";"20.847";"20.5895";"20.625";"-0.79"
"2022-02-01";"20.634";"20.6575";"20.5";"20.53";"-0.46"
"2022-02-02";"20.545";"20.6485";"20.4751";"20.563";"+0.16"
"2022-02-03";"20.574";"20.66";"20.5123";"20.531";"-0.16"
"2022-02-04";"20.55";"20.791";"20.5405";"20.6785";"+0.72"
"2022-02-07";"20.6785";"20.6989";"20.579";"20.578";"-0.49"
"2022-02-08";"20.5945";"20.6882";"20.5842";"20.598";"+0.10"
"2022-02-09";"20.614";"20.6269";"20.4415";"20.462";"-0.66"
"2022-02-10";"20.4775";"20.5925";"20.349";"20.543";"+0.40"
"2022-02-11";"20.56";"20.6405";"20.3618";"20.526";"-0.08"
"2022-02-14";"20.535";"20.5776";"20.3865";"20.405";"-0.59"
"2022-02-15";"20.421";"20.4555";"20.3508";"20.3894";"-0.08"
"2022-02-16";"20.4";"20.4144";"20.2495";"20.2703";"-0.58"
"2022-02-17";"20.2781";"20.3555";"20.2318";"20.284";"+0.07"
"2022-02-18";"20.3";"20.3381";"20.2576";"20.28";"-0.02"
"2022-02-21";"20.31";"20.3325";"20.2489";"20.295";"+0.07"
"2022-02-22";"20.3095";"20.3772";"20.2682";"20.289";"-0.03"
"2022-02-23";"20.305";"20.3111";"20.1565";"20.226";"-0.31"
"2022-02-24";"20.239";"20.79";"20.2344";"20.541";"+1.56"
"2022-02-25";"20.5545";"20.5842";"20.3215";"20.335";"-1.00"
"2022-02-28";"20.355";"20.6254";"20.3171";"20.461";"+0.62"
"2022-03-01";"20.47";"20.681";"20.3909";"20.635";"+0.85"
"2022-03-02";"20.657";"20.8005";"20.5777";"20.593";"-0.20"
"2022-03-03";"20.6175";"20.757";"20.6077";"20.6336";"+0.20"
"2022-03-04";"20.6374";"20.975";"20.6357";"20.935";"+1.46"
"2022-03-07";"20.945";"21.3725";"20.9263";"21.3";"+1.74"
"2022-03-08";"21.315";"21.4687";"21.2045";"21.369";"+0.32"
"2022-03-09";"21.3765";"21.385";"20.856";"20.892";"-2.23"
"2022-03-10";"20.911";"21.0686";"20.8832";"20.925";"+0.16"
"2022-03-11";"20.939";"21.0541";"20.844";"20.897";"-0.13"
"2022-03-14";"20.9325";"20.9823";"20.831";"20.9";"+0.01"
"2022-03-15";"20.92";"20.9394";"20.8186";"20.82";"-0.38"
"2022-03-16";"20.8345";"20.853";"20.5968";"20.632";"-0.90"
"2022-03-17";"20.639";"20.6741";"20.4984";"20.515";"-0.57"
"2022-03-18";"20.5215";"20.5555";"20.352";"20.34";"-0.85"
"2022-03-21";"20.386";"20.4156";"20.2672";"20.3682";"+0.14"
"2022-03-22";"20.3735";"20.4223";"20.2495";"20.27";"-0.48"
"2022-03-23";"20.2845";"20.2987";"20.155";"20.2208";"-0.24"
"2022-03-24";"20.2199";"20.2451";"20.0705";"20.075";"-0.72"
"2022-03-25";"20.0915";"20.1008";"19.9085";"20.02";"-0.27"
"2022-03-28";"20.035";"20.1905";"20.0129";"20.11";"+0.45"
"2022-03-29";"20.1205";"20.143";"19.9121";"19.964";"-0.73"
"2022-03-30";"19.979";"19.9915";"19.814";"19.856";"-0.54"
"2022-03-31";"19.8745";"19.9725";"19.8186";"19.845";"-0.06"
"2022-04-01";"19.8695";"19.935";"19.747";"19.835";"-0.05"
"2022-04-04";"19.8815";"19.8875";"19.7255";"19.788";"-0.24"
"2022-04-05";"19.8055";"20.0155";"19.762";"19.993";"+1.04"
"2022-04-06";"20.0015";"20.1971";"19.9715";"20.16";"+0.84"
"2022-04-07";"20.1725";"20.1945";"20.071";"20.121";"-0.19"
"2022-04-08";"20.1385";"20.1905";"20.018";"20.02";"-0.50"
"2022-04-11";"20.0575";"20.1257";"19.8937";"19.929";"-0.45"
"2022-04-12";"19.9407";"19.9566";"19.774";"19.787";"-0.71"
"2022-04-13";"19.803";"19.8365";"19.7406";"19.773";"-0.07"
"2022-04-14";"19.789";"20.0286";"19.7307";"19.9629";"+0.96"
"2022-04-15";"19.9682";"19.9897";"19.9277";"19.9405";"-0.11"
"2022-04-18";"19.962";"20.0102";"19.8144";"19.815";"-0.63"
"2022-04-19";"19.8275";"20.088";"19.7615";"20.006";"+0.96"
"2022-04-20";"20.0235";"20.076";"19.9442";"19.983";"-0.11"
"2022-04-21";"19.9915";"20.241";"19.9779";"20.16";"+0.89"
"2022-04-22";"20.1735";"20.379";"20.1615";"20.218";"+0.29"
"2022-04-25";"20.2385";"20.4876";"20.1615";"20.204";"-0.07"
"2022-04-26";"20.2307";"20.455";"20.1917";"20.3905";"+0.92"
"2022-04-27";"20.4365";"20.5386";"20.3218";"20.3759";"-0.07"
"2022-04-28";"20.3888";"20.645";"20.3468";"20.4565";"+0.40"
"2022-04-29";"20.448";"20.4737";"20.2855";"20.411";"-0.22"
"2022-05-02";"20.403";"20.5131";"20.3393";"20.462";"+0.25"
"2022-05-03";"20.4604";"20.488";"20.2628";"20.2839";"-0.87"
"2022-05-04";"20.2915";"20.3102";"19.997";"20.014";"-1.33"
"2022-05-05";"20.0285";"20.319";"20.0049";"20.222";"+1.04"
"2022-05-06";"20.2385";"20.2998";"20.07";"20.135";"-0.43"
"2022-05-09";"20.1775";"20.4095";"20.1603";"20.38";"+1.22"
"2022-05-10";"20.3945";"20.4404";"20.272";"20.384";"+0.02"
"2022-05-11";"20.392";"20.4684";"20.227";"20.305";"-0.39"
"2022-05-12";"20.3175";"20.4771";"20.2314";"20.2424";"-0.31"
"2022-05-13";"20.2479";"20.257";"20.0779";"20.088";"-0.76"
"2022-05-16";"20.1025";"20.1861";"20.0187";"20.02";"-0.34"
"2022-05-17";"20.0283";"20.0427";"19.9261";"19.93";"-0.45"
"2022-05-18";"19.94";"20.0823";"19.8703";"20.029";"+0.50"
"2022-05-19";"20.0465";"20.0755";"19.8659";"19.922";"-0.53"
"2022-05-20";"19.936";"19.9638";"19.8275";"19.851";"-0.36"
"2022-05-23";"19.862";"19.9105";"19.772";"19.853";"+0.01"
"2022-05-24";"19.8675";"19.9443";"19.7904";"19.831";"-0.11"
"2022-05-25";"19.843";"19.9295";"19.788";"19.818";"-0.07"
"2022-05-26";"19.8325";"19.868";"19.7595";"19.7622";"-0.28"
"2022-05-27";"19.767";"19.7926";"19.5495";"19.565";"-1.00"
"2022-05-30";"19.5895";"19.606";"19.4125";"19.545";"-0.10"
"2022-05-31";"19.5556";"19.74";"19.5344";"19.6525";"+0.55"
"2022-06-01";"19.6574";"19.774";"19.603";"19.684";"+0.16"
"2022-06-02";"19.696";"19.729";"19.518";"19.52";"-0.83"
"2022-06-03";"19.532";"19.614";"19.5";"19.5565";"+0.19"
"2022-06-06";"19.574";"19.635";"19.47";"19.56";"+0.02"
"2022-06-07";"19.5731";"19.645";"19.5096";"19.58";"+0.10"
"2022-06-08";"19.5865";"19.6877";"19.555";"19.56";"-0.10"
"2022-06-09";"19.576";"19.6965";"19.5318";"19.657";"+0.50"
"2022-06-10";"19.674";"20.002";"19.6187";"19.956";"+1.52"
"2022-06-13";"19.987";"20.5208";"19.965";"20.4538";"+2.49"
"2022-06-14";"20.4576";"20.6916";"20.3524";"20.579";"+0.61"
"2022-06-15";"20.5945";"20.6985";"20.2115";"20.245";"-1.62"
"2022-06-16";"20.2578";"20.7045";"20.2176";"20.4";"+0.77"
"2022-06-17";"20.4095";"20.5826";"20.2981";"20.329";"-0.35"
"2022-06-20";"20.346";"20.3792";"20.2227";"20.276";"-0.26"
"2022-06-21";"20.288";"20.29";"20.115";"20.115";"-0.79"
"2022-06-22";"20.1235";"20.2491";"19.9979";"20.0442";"-0.35"
"2022-06-23";"20.0496";"20.1442";"19.9765";"20.001";"-0.22"
"2022-06-24";"20.015";"20.0889";"19.8263";"19.8655";"-0.68"
"2022-06-27";"19.8775";"19.965";"19.8192";"19.91";"+0.22"
"2022-06-28";"19.9235";"20.175";"19.871";"20.122";"+1.06"
"2022-06-29";"20.136";"20.2104";"20.0714";"20.111";"-0.05"
"2022-06-30";"20.1275";"20.2661";"20.0612";"20.089";"-0.11"
"2022-07-01";"20.1035";"20.467";"20.0875";"20.251";"+0.81"
"2022-07-04";"20.2645";"20.344";"20.2136";"20.26";"+0.04"
"2022-07-05";"20.2755";"20.625";"20.2334";"20.5162";"+1.26"
"2022-07-06";"20.5209";"20.787";"20.4904";"20.6517";"+0.66"
"2022-07-07";"20.6562";"20.6816";"20.4773";"20.503";"-0.72"
"2022-07-08";"20.5155";"20.5888";"20.3654";"20.443";"-0.29"
"2022-07-11";"20.4795";"20.798";"20.4535";"20.729";"+1.40"
"2022-07-12";"20.74";"20.9312";"20.726";"20.8482";"+0.58"
"2022-07-13";"20.8535";"20.9968";"20.6399";"20.721";"-0.61"
"2022-07-14";"20.7305";"21.0566";"20.7205";"20.79";"+0.33"
"2022-07-15";"20.801";"20.8936";"20.5229";"20.522";"-1.29"
"2022-07-18";"20.53";"20.543";"20.3283";"20.457";"-0.32"
"2022-07-19";"20.4675";"20.5305";"20.3168";"20.5164";"+0.29"
"2022-07-20";"20.5217";"20.5946";"20.4459";"20.532";"+0.08"
"2022-07-21";"20.5495";"20.7015";"20.4762";"20.617";"+0.41"
"2022-07-22";"20.631";"20.7261";"20.4905";"20.5425";"-0.36"
"2022-07-25";"20.55";"20.5907";"20.399";"20.46";"-0.40"
"2022-07-26";"20.473";"20.541";"20.411";"20.444";"-0.08"
"2022-07-27";"20.457";"20.5785";"20.301";"20.395";"-0.24"
"2022-07-28";"20.4032";"20.4536";"20.268";"20.265";"-0.64"
"2022-07-29";"20.28";"20.423";"20.2058";"20.35";"+0.42"
"2022-08-01";"20.383";"20.4281";"20.2383";"20.369";"+0.09"
"2022-08-02";"20.3845";"20.8335";"20.3792";"20.773";"+1.98"
"2022-08-03";"20.789";"20.8245";"20.4242";"20.456";"-1.53"
"2022-08-04";"20.473";"20.504";"20.2885";"20.326";"-0.64"
"2022-08-05";"20.3435";"20.4922";"20.3141";"20.413";"+0.43"
"2022-08-08";"20.414";"20.4408";"20.241";"20.245";"-0.82"
"2022-08-09";"20.2515";"20.3055";"20.1975";"20.218";"-0.13"
"2022-08-10";"20.2315";"20.2757";"19.9113";"20.016";"-1.00"
"2022-08-11";"20.0305";"20.0491";"19.9005";"19.928";"-0.44"
"2022-08-12";"19.9415";"19.9779";"19.813";"19.829";"-0.50"
"2022-08-15";"19.8505";"20.0113";"19.811";"19.823";"-0.03"
"2022-08-16";"19.8365";"19.976";"19.8151";"19.897";"+0.37"
"2022-08-17";"19.911";"20.0936";"19.8925";"19.97";"+0.37"
"2022-08-18";"19.9825";"20.1805";"19.9289";"20.104";"+0.67"
"2022-08-19";"20.1215";"20.2689";"20.1173";"20.15";"+0.23"
"2022-08-22";"20.182";"20.2484";"20.115";"20.133";"-0.08"
"2022-08-23";"20.142";"20.1679";"19.9518";"19.971";"-0.80"
"2022-08-24";"19.9795";"20.011";"19.8787";"19.885";"-0.43"
"2022-08-25";"19.8945";"19.9865";"19.8499";"19.914";"+0.15"
"2022-08-26";"19.9315";"20.039";"19.8695";"20.015";"+0.51"
"2022-08-29";"20.044";"20.1534";"19.9646";"20.004";"-0.05"
"2022-08-30";"20.0215";"20.2095";"19.9118";"20.145";"+0.70"
"2022-08-31";"20.1527";"20.2428";"20.079";"20.1348";"-0.05"
"2022-09-01";"20.14";"20.2955";"20.136";"20.168";"+0.16"
"2022-09-02";"20.182";"20.2041";"19.925";"19.929";"-1.19"
"2022-09-05";"19.9665";"20.0285";"19.9425";"19.9842";"+0.28"
"2022-09-06";"20.0046";"20.1825";"19.9464";"20.118";"+0.67"
"2022-09-07";"20.1325";"20.1887";"19.9612";"19.966";"-0.76"
"2022-09-08";"19.979";"20.1055";"19.9445";"19.953";"-0.07"
"2022-09-09";"19.9675";"19.9797";"19.8653";"19.876";"-0.39"
"2022-09-12";"19.8925";"19.897";"19.7518";"19.821";"-0.28"
"2022-09-13";"19.8375";"20.1092";"19.7854";"20.066";"+1.24"
"2022-09-14";"20.0795";"20.096";"19.9075";"19.942";"-0.62"
"2022-09-15";"19.959";"20.098";"19.9455";"20.06";"+0.59"
"2022-09-16";"20.0765";"20.1635";"20.0135";"20.03";"-0.15"
"2022-09-19";"20.041";"20.162";"19.905";"19.91";"-0.60"
"2022-09-20";"19.9255";"20.085";"19.9023";"19.983";"+0.37"
"2022-09-21";"20.0005";"20.095";"19.8795";"20.004";"+0.11"
"2022-09-22";"20.021";"20.082";"19.8403";"19.931";"-0.36"
"2022-09-23";"19.9465";"20.2665";"19.9062";"20.179";"+1.24"
"2022-09-26";"20.2268";"20.454";"20.194";"20.396";"+1.08"
"2022-09-27";"20.4105";"20.435";"20.2612";"20.359";"-0.18"
"2022-09-28";"20.377";"20.581";"20.1155";"20.116";"-1.19"
"2022-09-29";"20.1325";"20.2792";"20.1109";"20.161";"+0.22"
"2022-09-30";"20.1695";"20.201";"20.049";"20.14";"-0.10"
"2022-10-03";"20.1475";"20.1674";"19.952";"20.02";"-0.60"
"2022-10-04";"20.03";"20.0504";"19.9475";"19.958";"-0.31"
"2022-10-05";"19.9665";"20.157";"19.9429";"20.052";"+0.47"
"2022-10-06";"20.0685";"20.1595";"20.0163";"20.105";"+0.26"
"2022-10-07";"20.123";"20.1475";"19.988";"20.02";"-0.42"
"2022-10-10";"20.0465";"20.0618";"19.9395";"19.9551";"-0.32"
"2022-10-11";"19.9666";"20.115";"19.9325";"20.0786";"+0.62"
"2022-10-12";"20.0846";"20.1172";"19.967";"19.978";"-0.50"
"2022-10-13";"19.9955";"20.1605";"19.9485";"19.968";"-0.05"
"2022-10-14";"19.983";"20.1069";"19.965";"20.071";"+0.52"
"2022-10-17";"20.061";"20.0655";"19.9692";"19.98";"-0.45"
"2022-10-18";"19.9975";"20.069";"19.958";"20.027";"+0.24"
"2022-10-19";"20.032";"20.1775";"20.0114";"20.1";"+0.36"
"2022-10-20";"20.1095";"20.1618";"20.0205";"20.027";"-0.36"
"2022-10-21";"20.038";"20.14";"19.8845";"19.909";"-0.59"
"2022-10-24";"19.9165";"20.0085";"19.8979";"19.922";"+0.07"
"2022-10-25";"19.9375";"19.9478";"19.8495";"19.865";"-0.29"
"2022-10-26";"19.882";"19.9835";"19.8105";"19.926";"+0.31"
"2022-10-27";"19.941";"20.0392";"19.8095";"19.825";"-0.51"
"2022-10-28";"19.8338";"19.8955";"19.7805";"19.786";"-0.20"
"2022-10-31";"19.8225";"19.92";"19.7915";"19.794";"+0.04"
"2022-11-01";"19.811";"19.8445";"19.6785";"19.74";"-0.27"
"2022-11-02";"19.749";"19.7695";"19.5045";"19.65";"-0.46"
"2022-11-03";"19.675";"19.7813";"19.629";"19.635";"-0.08"
"2022-11-04";"19.6475";"19.6773";"19.4585";"19.501";"-0.68"
"2022-11-07";"19.531";"19.5783";"19.4295";"19.441";"-0.31"
"2022-11-08";"19.4545";"19.575";"19.4324";"19.513";"+0.37"
"2022-11-09";"19.5265";"19.6365";"19.5077";"19.567";"+0.28"
"2022-11-10";"19.5785";"19.6021";"19.3117";"19.31";"-1.31"
"2022-11-11";"19.3169";"19.595";"19.2638";"19.495";"+0.96"
"2022-11-14";"19.535";"19.5748";"19.3169";"19.339";"-0.80"
"2022-11-15";"19.354";"19.4745";"19.2435";"19.354";"+0.08"
"2022-11-16";"19.3635";"19.4053";"19.282";"19.338";"-0.08"
"2022-11-17";"19.3485";"19.4775";"19.3104";"19.407";"+0.36"
"2022-11-18";"19.4235";"19.5385";"19.3818";"19.435";"+0.14"
"2022-11-21";"19.4518";"19.5928";"19.4154";"19.5465";"+0.57"
"2022-11-22";"19.5463";"19.571";"19.4163";"19.4447";"-0.52"
"2022-11-23";"19.4436";"19.4513";"19.3302";"19.3542";"-0.47"
"2022-11-24";"19.3532";"19.396";"19.338";"19.385";"+0.16"
"2022-11-25";"19.3858";"19.4209";"19.3061";"19.34";"-0.23"
"2022-11-28";"19.347";"19.3682";"19.295";"19.3116";"-0.15"
"2022-11-29";"19.3114";"19.3231";"19.0402";"19.235";"-0.40"
"2022-11-30";"19.2219";"19.4595";"19.1947";"19.2968";"+0.32"
"2022-12-01";"19.2969";"19.3479";"19.1189";"19.1635";"-0.69"
"2022-12-02";"19.1637";"19.4444";"19.1082";"19.4223";"+1.35"
"2022-12-05";"19.3789";"19.8646";"19.3485";"19.7349";"+1.61"
"2022-12-06";"19.7355";"19.8624";"19.6304";"19.7834";"+0.25"
"2022-12-07";"19.7833";"19.8321";"19.6262";"19.662";"-0.61"
"2022-12-08";"19.661";"19.745";"19.6089";"19.6155";"-0.24"
"2022-12-09";"19.6146";"19.8393";"19.6129";"19.7752";"+0.81"
"2022-12-12";"19.763";"19.9184";"19.7315";"19.879";"+0.52"
"2022-12-13";"19.8781";"19.8847";"19.5588";"19.568";"-1.56"
"2022-12-14";"19.5678";"19.7615";"19.517";"19.6617";"+0.48"
"2022-12-15";"19.68";"19.8577";"19.5949";"19.7326";"+0.36"
"2022-12-16";"19.7321";"19.8831";"19.7255";"19.8351";"+0.52"
"2022-12-19";"19.7625";"19.8384";"19.7108";"19.7694";"-0.33"
"2022-12-20";"19.7698";"19.9001";"19.6797";"19.7694";"0.00"
"2022-12-21";"19.7693";"19.7957";"19.6371";"19.6405";"-0.65"
"2022-12-22";"19.6432";"19.682";"19.542";"19.578";"-0.32"
"2022-12-23";"19.5781";"19.584";"19.3535";"19.3682";"-1.07"
"2022-12-26";"19.3909";"19.4278";"19.334";"19.355";"-0.07"
"2022-12-27";"19.355";"19.487";"19.3401";"19.4691";"+0.59"
"2022-12-28";"19.4681";"19.5";"19.3808";"19.4186";"-0.26"
"2022-12-29";"19.4181";"19.4685";"19.3019";"19.3875";"-0.16"
"2022-12-30";"19.3833";"19.5865";"19.3833";"19.5088";"+0.63"
"2023-01-02";"19.4866";"19.5144";"19.4865";"19.4865";"-0.11"
"2023-01-03";"19.4757";"19.5359";"19.3756";"19.3838";"-0.53"
"2023-01-04";"19.3834";"19.4239";"19.2578";"19.3919";"+0.04"
"2023-01-05";"19.3923";"19.4334";"19.297";"19.3237";"-0.35"
"2023-01-06";"19.3231";"19.3525";"19.1203";"19.151";"-0.89"
"2023-01-09";"19.1649";"19.1947";"19.1015";"19.1026";"-0.25"
"2023-01-10";"19.1049";"19.1765";"19.0502";"19.0575";"-0.24"
"2023-01-11";"19.0602";"19.1122";"18.9156";"18.9489";"-0.57"
"2023-01-12";"18.9473";"18.9816";"18.8173";"18.8522";"-0.51"
"2023-01-13";"18.8513";"18.915";"18.7334";"18.7694";"-0.44"
"2023-01-16";"18.763";"18.8605";"18.731";"18.7894";"+0.11"
"2023-01-17";"18.7907";"18.835";"18.665";"18.6857";"-0.55"
"2023-01-18";"18.6871";"18.8639";"18.5665";"18.8629";"+0.95"
"2023-01-19";"18.8627";"19.1091";"18.846";"18.9909";"+0.68"
"2023-01-20";"18.9902";"19.0213";"18.8474";"18.8745";"-0.61"
"2023-01-23";"18.8969";"18.9142";"18.7924";"18.8175";"-0.30"
"2023-01-24";"18.8171";"18.8911";"18.7959";"18.8055";"-0.06"
"2023-01-25";"18.8057";"18.856";"18.7675";"18.8004";"-0.03"
"2023-01-26";"18.8002";"18.898";"18.7805";"18.8042";"+0.02"
"2023-01-27";"18.8041";"18.829";"18.7163";"18.7649";"-0.21"
"2023-01-30";"18.78";"18.809";"18.752";"18.7845";"+0.10"
"2023-01-31";"18.7843";"18.8503";"18.7296";"18.8346";"+0.27"
"2023-02-01";"18.8333";"18.8727";"18.6429";"18.6653";"-0.90"
"2023-02-02";"18.6682";"18.708";"18.5084";"18.6779";"+0.07"
"2023-02-03";"18.6752";"18.9821";"18.6351";"18.9765";"+1.60"
"2023-02-06";"18.9613";"19.2906";"18.95";"19.1633";"+0.98"
"2023-02-07";"19.1646";"19.1781";"18.8908";"18.9039";"-1.35"
"2023-02-08";"18.9051";"18.9855";"18.8253";"18.937";"+0.18"
"2023-02-09";"18.9336";"18.9965";"18.7362";"18.7559";"-0.96"
"2023-02-10";"18.7578";"18.8321";"18.6406";"18.662";"-0.50"
"2023-02-13";"18.6728";"18.7282";"18.5795";"18.5993";"-0.34"
"2023-02-14";"18.6";"18.6723";"18.4979";"18.4999";"-0.53"
"2023-02-15";"18.5001";"18.752";"18.4993";"18.5958";"+0.52"
"2023-02-16";"18.5954";"18.6842";"18.4809";"18.4962";"-0.54"
"2023-02-17";"18.4968";"18.6756";"18.331";"18.3594";"-0.74"
"2023-02-20";"18.39";"18.445";"18.3319";"18.396";"+0.20"
"2023-02-21";"18.3973";"18.485";"18.335";"18.4566";"+0.33"
"2023-02-22";"18.4563";"18.4806";"18.321";"18.3813";"-0.41"
"2023-02-23";"18.3811";"18.457";"18.2997";"18.3634";"-0.10"
"2023-02-24";"18.3639";"18.505";"18.353";"18.3992";"+0.19"
"2023-02-27";"18.3955";"18.4233";"18.3176";"18.3885";"-0.06"
"2023-02-28";"18.3888";"18.418";"18.3087";"18.3239";"-0.35"
"2023-03-01";"18.3235";"18.345";"18.0688";"18.1432";"-0.99"
"2023-03-02";"18.1425";"18.1938";"18.0942";"18.1313";"-0.07"
"2023-03-03";"18.1343";"18.145";"17.9643";"17.9699";"-0.89"
"2023-03-06";"17.9638";"18.045";"17.95";"18.0176";"+0.27"
"2023-03-07";"18.0166";"18.179";"17.9687";"18.1402";"+0.68"
"2023-03-08";"18.1397";"18.1417";"17.902";"17.9858";"-0.85"
"2023-03-09";"17.9873";"18.1315";"17.8984";"18.1315";"+0.81"
"2023-03-10";"18.1275";"18.595";"18.1206";"18.5221";"+2.15"
"2023-03-13";"18.4489";"19.1774";"18.2401";"18.9884";"+2.52"
"2023-03-14";"18.9886";"19.1545";"18.5559";"18.5956";"-2.07"
"2023-03-15";"18.5983";"19.0895";"18.5838";"18.9692";"+2.01"
"2023-03-16";"18.9704";"19.1784";"18.7215";"18.7383";"-1.22"
"2023-03-17";"18.7365";"18.9884";"18.6373";"18.9403";"+1.08"
"2023-03-20";"18.78";"19.2315";"18.78";"18.8249";"-0.61"
"2023-03-21";"18.8242";"18.8777";"18.617";"18.6215";"-1.08"
"2023-03-22";"18.6201";"18.6623";"18.3805";"18.5549";"-0.36"
"2023-03-23";"18.5547";"18.6596";"18.4487";"18.6163";"+0.33"
"2023-03-24";"18.6202";"18.7981";"18.438";"18.4459";"-0.92"
"2023-03-27";"18.42";"18.4679";"18.3269";"18.3461";"-0.54"
"2023-03-28";"18.3431";"18.3587";"18.2178";"18.2262";"-0.65"
"2023-03-29";"18.2257";"18.2409";"18.0685";"18.0989";"-0.70"
"2023-03-30";"18.0986";"18.1624";"18.0487";"18.0931";"-0.03"
"2023-03-31";"18.0921";"18.1245";"17.9895";"18.0233";"-0.39"
"2023-04-03";"18.0325";"18.1486";"17.9655";"18.0625";"+0.22"
"2023-04-04";"18.0625";"18.1825";"18.0123";"18.1372";"+0.41"
"2023-04-05";"18.1352";"18.3986";"18.1037";"18.3074";"+0.94"
"2023-04-06";"18.3081";"18.3809";"18.2007";"18.2421";"-0.36"
"2023-04-07";"18.2474";"18.267";"18.1002";"18.1212";"-0.66"
"2023-04-10";"18.1196";"18.2836";"18.0757";"18.1684";"+0.26"
"2023-04-11";"18.1695";"18.2231";"18.1059";"18.1785";"+0.06"
"2023-04-12";"18.1785";"18.1994";"18.0211";"18.0765";"-0.56"
"2023-04-13";"18.075";"18.1237";"17.9755";"18.0142";"-0.34"
"2023-04-14";"18.014";"18.1215";"18.0035";"18.016";"+0.01"
"2023-04-17";"17.9875";"18.1546";"17.9314";"18.0148";"-0.01"
"2023-04-18";"18.017";"18.0956";"17.9632";"18.0532";"+0.21"
"2023-04-19";"18.0567";"18.1533";"18.0333";"18.0485";"-0.03"
"2023-04-20";"18.05";"18.1234";"17.9871";"18.0009";"-0.26"
"2023-04-21";"18.004";"18.0432";"17.974";"17.996";"-0.03"
"2023-04-24";"18.0019";"18.0479";"17.9667";"17.983";"-0.07"
"2023-04-25";"17.995";"18.1618";"17.9511";"18.0732";"+0.50"
"2023-04-26";"18.0767";"18.1899";"18.0322";"18.1495";"+0.42"
"2023-04-27";"18.165";"18.195";"18.0203";"18.0387";"-0.61"
"2023-04-28";"18.0379";"18.1106";"17.9657";"17.9985";"-0.22"
"2023-05-01";"18.015";"18.0215";"17.9186";"17.9387";"-0.33"
"2023-05-02";"17.938";"18.0776";"17.9";"17.9771";"+0.21"
"2023-05-03";"17.98";"17.9919";"17.8325";"17.9275";"-0.28"
"2023-05-04";"17.9275";"18.0359";"17.853";"17.9128";"-0.08"
"2023-05-05";"17.9135";"17.9488";"17.7462";"17.7615";"-0.84"
"2023-05-08";"17.765";"17.8404";"17.7403";"17.7985";"+0.21"
"2023-05-09";"17.7985";"17.8325";"17.7432";"17.774";"-0.14"
"2023-05-10";"17.763";"17.7756";"17.5497";"17.552";"-1.25"
"2023-05-11";"17.5525";"17.7008";"17.5352";"17.5775";"+0.15"
"2023-05-12";"17.581";"17.646";"17.5611";"17.5963";"+0.11"
"2023-05-15";"17.5775";"17.6196";"17.4209";"17.432";"-0.93"
"2023-05-16";"17.4407";"17.5418";"17.4174";"17.502";"+0.40"
"2023-05-17";"17.5021";"17.6915";"17.4838";"17.5955";"+0.53"
"2023-05-18";"17.5942";"17.7792";"17.5931";"17.7178";"+0.70"
"2023-05-19";"17.7184";"17.7933";"17.6196";"17.7854";"+0.38"
"2023-05-22";"17.764";"17.9587";"17.7482";"17.897";"+0.63"
"2023-05-23";"17.8959";"17.9982";"17.8587";"17.9752";"+0.44"
"2023-05-24";"17.9742";"17.987";"17.7664";"17.8008";"-0.97"
"2023-05-25";"17.8";"17.8798";"17.7529";"17.8557";"+0.31"
"2023-05-26";"17.8553";"17.8683";"17.6168";"17.6291";"-1.27"
"2023-05-29";"17.6333";"17.6417";"17.535";"17.5842";"-0.25"
"2023-05-30";"17.5859";"17.6927";"17.5412";"17.6569";"+0.41"
"2023-05-31";"17.6566";"17.772";"17.6274";"17.6869";"+0.17"
"2023-06-01";"17.6846";"17.7285";"17.5387";"17.5536";"-0.75"
"2023-06-02";"17.5549";"17.5731";"17.4198";"17.5539";"0.00"
"2023-06-05";"17.5545";"17.5982";"17.4528";"17.4671";"-0.49"
"2023-06-06";"17.4693";"17.498";"17.3704";"17.3842";"-0.47"
"2023-06-07";"17.3825";"17.4019";"17.3057";"17.3615";"-0.13"
"2023-06-08";"17.3639";"17.4432";"17.33";"17.3795";"+0.10"
"2023-06-09";"17.3807";"17.3919";"17.26";"17.2812";"-0.57"
"2023-06-12";"17.278";"17.336";"17.2413";"17.2836";"+0.01"
"2023-06-13";"17.2911";"17.3177";"17.2032";"17.2238";"-0.35"
"2023-06-14";"17.2236";"17.247";"17.0821";"17.1099";"-0.66"
"2023-06-15";"17.1087";"17.266";"17.1024";"17.1225";"+0.07"
"2023-06-16";"17.121";"17.1861";"17.0288";"17.08";"-0.25"
"2023-06-19";"17.0655";"17.1726";"17.0618";"17.081";"+0.01"
"2023-06-20";"17.087";"17.2431";"17.0716";"17.216";"+0.79"
"2023-06-21";"17.216";"17.2574";"17.106";"17.119";"-0.56"
"2023-06-22";"17.1215";"17.2092";"17.1116";"17.1806";"+0.36"
"2023-06-23";"17.1825";"17.2657";"17.1371";"17.1735";"-0.04"
"2023-06-26";"17.1684";"17.185";"17.1108";"17.137";"-0.21"
"2023-06-27";"17.1375";"17.145";"17.0544";"17.0857";"-0.30"
"2023-06-28";"17.086";"17.125";"17.0457";"17.0949";"+0.05"
"2023-06-29";"17.095";"17.155";"17.0668";"17.1252";"+0.18"
"2023-06-30";"17.1273";"17.1717";"17.0459";"17.1251";"0.00"
"2023-07-03";"17.131";"17.1501";"17.0381";"17.0655";"-0.35"
"2023-07-04";"17.0585";"17.0659";"17.0172";"17.0609";"-0.03"
"2023-07-05";"17.0619";"17.0759";"16.98";"17.005";"-0.33"
"2023-07-06";"17.009";"17.3833";"16.999";"17.2385";"+1.37"
"2023-07-07";"17.239";"17.3963";"17.0708";"17.1465";"-0.53"
"2023-07-10";"17.1201";"17.1744";"17.0294";"17.0522";"-0.55"
"2023-07-11";"17.0575";"17.1255";"17.0415";"17.0436";"-0.05"
"2023-07-12";"17.0445";"17.0653";"16.8086";"16.9032";"-0.82"
"2023-07-13";"16.9065";"17.1595";"16.8257";"16.8424";"-0.36"
"2023-07-14";"16.8415";"16.9185";"16.7169";"16.7525";"-0.53"
"2023-07-17";"16.7705";"16.9055";"16.7065";"16.7198";"-0.20"
"2023-07-18";"16.735";"16.7833";"16.6941";"16.7525";"+0.20"
"2023-07-19";"16.7547";"16.7876";"16.7076";"16.7118";"-0.24"
"2023-07-20";"16.7119";"16.9158";"16.7034";"16.889";"+1.06"
"2023-07-21";"16.889";"17.0487";"16.8612";"16.9875";"+0.58"
"2023-07-24";"16.9601";"17.0091";"16.8132";"16.835";"-0.90"
"2023-07-25";"16.835";"16.9422";"16.8015";"16.9333";"+0.58"
"2023-07-26";"16.93";"16.9849";"16.8173";"16.8423";"-0.54"
"2023-07-27";"16.8435";"16.9089";"16.7034";"16.8725";"+0.18"
"2023-07-28";"16.8725";"16.9489";"16.6255";"16.6895";"-1.08"
"2023-07-31";"16.6857";"16.788";"16.6684";"16.7421";"+0.32"
"2023-08-01";"16.745";"16.9096";"16.7278";"16.8805";"+0.83"
"2023-08-02";"16.8805";"17.085";"16.8345";"17.0285";"+0.88"
"2023-08-03";"17.0285";"17.4276";"16.9937";"17.341";"+1.84"
"2023-08-04";"17.341";"17.435";"17.0091";"17.0865";"-1.47"
"2023-08-07";"17.0925";"17.152";"17.0237";"17.0636";"-0.13"
"2023-08-08";"17.061";"17.2848";"17.052";"17.1179";"+0.32"
"2023-08-09";"17.1179";"17.1893";"17.0485";"17.0603";"-0.34"
"2023-08-10";"17.0585";"17.1426";"16.9098";"17.1355";"+0.44"
"2023-08-11";"17.1355";"17.1377";"16.9509";"17.0079";"-0.74"
"2023-08-14";"17.0038";"17.1377";"16.9652";"17.0528";"+0.26"
"2023-08-15";"17.0515";"17.1889";"17.0386";"17.1479";"+0.56"
"2023-08-16";"17.1475";"17.1693";"17.0329";"17.1395";"-0.05"
"2023-08-17";"17.1395";"17.2084";"17.0596";"17.1056";"-0.20"
"2023-08-18";"17.108";"17.1371";"17.0164";"17.054";"-0.30"
"2023-08-21";"17.0482";"17.0802";"16.998";"17.0275";"-0.16"
"2023-08-22";"17.0275";"17.03";"16.8944";"16.911";"-0.68"
"2023-08-23";"16.913";"16.928";"16.7812";"16.7935";"-0.69"
"2023-08-24";"16.795";"16.8591";"16.764";"16.8323";"+0.23"
"2023-08-25";"16.829";"16.846";"16.7358";"16.7475";"-0.50"
"2023-08-28";"16.7584";"16.7957";"16.6947";"16.7934";"+0.27"
"2023-08-29";"16.7886";"16.889";"16.755";"16.7945";"+0.01"
"2023-08-30";"16.797";"16.807";"16.7266";"16.7412";"-0.32"
"2023-08-31";"16.74";"17.1103";"16.709";"17.0415";"+1.79"
"2023-09-01";"17.042";"17.203";"16.9725";"17.0915";"+0.29"
"2023-09-04";"17.081";"17.195";"17.0438";"17.1772";"+0.50"
"2023-09-05";"17.1835";"17.4579";"17.1705";"17.4195";"+1.41"
"2023-09-06";"17.4195";"17.6748";"17.3957";"17.571";"+0.87"
"2023-09-07";"17.571";"17.709";"17.422";"17.5962";"+0.14"
"2023-09-08";"17.595";"17.623";"17.4393";"17.5965";"0.00"
"2023-09-11";"17.57";"17.5955";"17.272";"17.2741";"-1.83"
"2023-09-12";"17.28";"17.3819";"17.217";"17.2248";"-0.29"
"2023-09-13";"17.2275";"17.292";"17.0874";"17.1545";"-0.41"
"2023-09-14";"17.1542";"17.208";"17.0729";"17.1102";"-0.26"
"2023-09-15";"17.1055";"17.1269";"17.0504";"17.079";"-0.18"
"2023-09-18";"17.0746";"17.182";"17.0314";"17.1355";"+0.33"
"2023-09-19";"17.1362";"17.1431";"17.0545";"17.0814";"-0.32"
"2023-09-20";"17.0825";"17.0996";"16.9982";"17.0923";"+0.06"
"2023-09-21";"17.094";"17.2499";"17.0663";"17.234";"+0.83"
"2023-09-22";"17.233";"17.239";"17.1007";"17.2144";"-0.11"
"2023-09-25";"17.1984";"17.4535";"17.1722";"17.3954";"+1.05"
"2023-09-26";"17.3946";"17.568";"17.3645";"17.5472";"+0.87"
"2023-09-27";"17.5395";"17.8175";"17.4759";"17.6691";"+0.69"
"2023-09-28";"17.674";"17.7392";"17.5393";"17.5408";"-0.73"
"2023-09-29";"17.57";"17.57";"17.3492";"17.4185";"-0.70"
"2023-10-02";"17.4284";"17.7191";"17.3796";"17.673";"+1.46"
"2023-10-03";"17.6735";"18.0016";"17.6029";"17.981";"+1.74"
"2023-10-04";"17.9809";"18.2178";"17.8308";"17.9902";"+0.05"
"2023-10-05";"17.9923";"18.374";"17.931";"18.2512";"+1.45"
"2023-10-06";"18.2503";"18.4941";"18.1037";"18.1866";"-0.35"
"2023-10-09";"18.2289";"18.4211";"18.1588";"18.1669";"-0.11"
"2023-10-10";"18.1671";"18.3023";"17.9181";"17.93";"-1.30"
"2023-10-11";"17.9305";"17.967";"17.7861";"17.8395";"-0.50"
"2023-10-12";"17.8391";"18.0861";"17.7546";"17.994";"+0.87"
"2023-10-13";"17.9944";"18.1108";"17.8436";"18.0672";"+0.41"
"2023-10-16";"18.106";"18.107";"17.8946";"17.904";"-0.90"
"2023-10-17";"17.9031";"18.0801";"17.8717";"18.0163";"+0.63"
"2023-10-18";"18.0161";"18.309";"17.9622";"18.2473";"+1.28"
"2023-10-19";"18.2469";"18.3978";"18.1602";"18.2914";"+0.24"
"2023-10-20";"18.2916";"18.4669";"18.1791";"18.2334";"-0.32"
"2023-10-23";"18.2302";"18.3748";"18.0767";"18.1636";"-0.38"
"2023-10-24";"18.1643";"18.3469";"18.0817";"18.2323";"+0.38"
"2023-10-25";"18.233";"18.3971";"18.2242";"18.321";"+0.49"
"2023-10-26";"18.3216";"18.4254";"18.1236";"18.169";"-0.83"
"2023-10-27";"18.1684";"18.1775";"17.9997";"18.1063";"-0.35"
"2023-10-30";"18.1245";"18.1399";"17.965";"18.0539";"-0.29"
"2023-10-31";"18.0534";"18.1164";"17.9248";"18.0309";"-0.13"
"2023-11-01";"18.0309";"18.0807";"17.8034";"17.8099";"-1.23"
"2023-11-02";"17.8103";"17.8203";"17.5266";"17.5271";"-1.59"
"2023-11-03";"17.5266";"17.563";"17.282";"17.4639";"-0.36"
"2023-11-06";"17.459";"17.5853";"17.4057";"17.5299";"+0.38"
"2023-11-07";"17.5297";"17.5939";"17.4507";"17.4806";"-0.28"
"2023-11-08";"17.4806";"17.5783";"17.465";"17.55";"+0.40"
"2023-11-09";"17.5506";"17.879";"17.4725";"17.81";"+1.48"
"2023-11-10";"17.8051";"17.9402";"17.6183";"17.6478";"-0.91"
"2023-11-13";"17.6194";"17.727";"17.5739";"17.5938";"-0.31"
"2023-11-14";"17.5938";"17.6299";"17.3498";"17.3584";"-1.34"
"2023-11-15";"17.3575";"17.4158";"17.3051";"17.3143";"-0.25"
"2023-11-16";"17.3154";"17.334";"17.2193";"17.2607";"-0.31"
"2023-11-17";"17.261";"17.2705";"17.1891";"17.2531";"-0.04"
"2023-11-20";"17.2347";"17.2534";"17.0806";"17.103";"-0.87"
"2023-11-21";"17.103";"17.2698";"17.0658";"17.2052";"+0.60"
"2023-11-22";"17.2047";"17.252";"17.1555";"17.1925";"-0.07"
"2023-11-23";"17.1925";"17.2045";"17.1461";"17.1894";"-0.02"
"2023-11-24";"17.1898";"17.1934";"17.0844";"17.1278";"-0.36"
"2023-11-27";"17.1262";"17.2107";"17.0335";"17.1332";"+0.03"
"2023-11-28";"17.1328";"17.215";"17.1048";"17.1351";"+0.01"
"2023-11-29";"17.1349";"17.2749";"17.1146";"17.25";"+0.67"
"2023-11-30";"17.2501";"17.4993";"17.2497";"17.3879";"+0.80"
"2023-12-01";"17.388";"17.407";"17.1604";"17.2026";"-1.07"
"2023-12-04";"17.1835";"17.5395";"17.1829";"17.496";"+1.71"
"2023-12-05";"17.4982";"17.5656";"17.3561";"17.3884";"-0.61"
"2023-12-06";"17.3893";"17.3915";"17.2398";"17.288";"-0.58"
"2023-12-07";"17.2884";"17.5428";"17.2695";"17.4947";"+1.20"
"2023-12-08";"17.4947";"17.5244";"17.3068";"17.3604";"-0.77"
"2023-12-11";"17.3524";"17.4665";"17.3395";"17.4008";"+0.23"
"2023-12-12";"17.4004";"17.44";"17.2987";"17.3062";"-0.54"
"2023-12-13";"17.3066";"17.4639";"17.1917";"17.2025";"-0.60"
"2023-12-14";"17.202";"17.3997";"17.1434";"17.1985";"-0.02"
"2023-12-15";"17.1996";"17.3445";"17.1707";"17.2234";"+0.14"
"2023-12-18";"17.241";"17.3008";"17.1534";"17.1686";"-0.32"
"2023-12-19";"17.1685";"17.173";"17.0294";"17.062";"-0.62"
"2023-12-20";"17.0624";"17.1206";"17.029";"17.1062";"+0.26"
"2023-12-21";"17.1061";"17.1559";"17.0378";"17.0483";"-0.34"
"2023-12-22";"17.0485";"17.0517";"16.9312";"16.9953";"-0.31"
"2023-12-25";"17.0315";"17.0315";"17.0315";"17.0315";"+0.21"
"2023-12-26";"17.0315";"17.0315";"16.944";"16.9442";"-0.51"
"2023-12-27";"16.9445";"16.9955";"16.9077";"16.9179";"-0.16"
"2023-12-28";"16.9177";"16.9618";"16.861";"16.9453";"+0.16"
"2023-12-29";"16.9457";"16.9951";"16.8946";"16.9661";"+0.12"
"2024-01-01";"16.9742";"16.9742";"16.9742";"16.9742";"+0.05"
"2024-01-02";"16.9683";"17.0731";"16.9072";"17.0421";"+0.40"
"2024-01-03";"17.0421";"17.1033";"17.0127";"17.0396";"-0.01"
"2024-01-04";"17.0397";"17.0887";"16.9765";"17.035";"-0.03"
"2024-01-05";"17.0351";"17.0795";"16.8686";"16.8869";"-0.87"
"2024-01-08";"16.877";"16.9115";"16.7844";"16.8133";"-0.44"
"2024-01-09";"16.8137";"16.9875";"16.8134";"16.9601";"+0.87"
"2024-01-10";"16.9599";"17.0247";"16.9513";"16.9905";"+0.18"
"2024-01-11";"16.9901";"17.0624";"16.9185";"16.9238";"-0.39"
"2024-01-12";"16.9243";"16.93";"16.8317";"16.8701";"-0.32"
"2024-01-15";"16.869";"16.914";"16.8499";"16.8913";"+0.13"
"2024-01-16";"16.892";"17.2377";"16.8777";"17.1952";"+1.80"
"2024-01-17";"17.195";"17.3864";"17.1917";"17.2278";"+0.19"
"2024-01-18";"17.2278";"17.245";"17.1523";"17.1861";"-0.24"
"2024-01-19";"17.1863";"17.1951";"17.0829";"17.1029";"-0.48"
"2024-01-22";"17.0898";"17.2255";"17.0566";"17.1831";"+0.47"
"2024-01-23";"17.1837";"17.394";"17.1544";"17.3162";"+0.77"
"2024-01-24";"17.316";"17.3305";"17.1394";"17.2152";"-0.58"
"2024-01-25";"17.2152";"17.276";"17.1694";"17.2105";"-0.03"
"2024-01-26";"17.2106";"17.228";"17.1292";"17.1403";"-0.41"
"2024-01-29";"17.159";"17.276";"17.1421";"17.2325";"+0.54"
"2024-01-30";"17.2326";"17.264";"17.1364";"17.1459";"-0.50"
"2024-01-31";"17.1461";"17.2245";"17.0984";"17.1529";"+0.04"
"2024-02-01";"17.1532";"17.295";"17.0714";"17.0885";"-0.38"
"2024-02-02";"17.0887";"17.186";"17.0382";"17.1445";"+0.33"
"2024-02-05";"17.1136";"17.2809";"17.0874";"17.1017";"-0.25"
"2024-02-06";"17.1024";"17.1324";"17.0084";"17.0537";"-0.28"
"2024-02-07";"17.0534";"17.0797";"17.0074";"17.0717";"+0.11"
"2024-02-08";"17.0718";"17.1714";"17.0373";"17.1669";"+0.56"
"2024-02-09";"17.1668";"17.175";"17.0755";"17.0869";"-0.47"
"2024-02-12";"17.1135";"17.1178";"17.0452";"17.0938";"+0.04"
"2024-02-13";"17.0937";"17.2385";"17.0606";"17.2265";"+0.78"
"2024-02-14";"17.2279";"17.235";"17.0902";"17.1002";"-0.73"
"2024-02-15";"17.0999";"17.113";"17.0427";"17.0463";"-0.32"
"2024-02-16";"17.0463";"17.1065";"17.0294";"17.056";"+0.06"
"2024-02-19";"17.0711";"17.0725";"17.0307";"17.0433";"-0.07"
"2024-02-20";"17.0431";"17.091";"16.9952";"17.0735";"+0.18"
"2024-02-21";"17.0738";"17.0925";"17.0419";"17.05";"-0.14"
"2024-02-22";"17.0498";"17.1635";"17.0117";"17.112";"+0.36"
"2024-02-23";"17.1123";"17.1615";"17.0695";"17.1173";"+0.03"
"2024-02-26";"17.11";"17.1525";"17.0823";"17.0895";"-0.16"
"2024-02-27";"17.0892";"17.1185";"17.0414";"17.0562";"-0.19"
"2024-02-28";"17.0561";"17.121";"17.056";"17.1074";"+0.30"
"2024-02-29";"17.1071";"17.12";"17.0403";"17.0557";"-0.30"
"2024-03-01";"17.0553";"17.0695";"16.9982";"17.015";"-0.24"
"2024-03-04";"17.0245";"17.0295";"16.9565";"16.9618";"-0.31"
"2024-03-05";"16.9616";"16.99";"16.8997";"16.946";"-0.09"
"2024-03-06";"16.946";"16.969";"16.8482";"16.8899";"-0.33"
"2024-03-07";"16.8907";"16.9243";"16.8488";"16.8652";"-0.15"
"2024-03-08";"16.8646";"16.8975";"16.764";"16.8114";"-0.32"
"2024-03-11";"16.8064";"16.843";"16.7822";"16.798";"-0.08"
"2024-03-12";"16.7983";"16.8558";"16.7736";"16.7985";"0.00"
"2024-03-13";"16.7989";"16.815";"16.663";"16.6766";"-0.73"
"2024-03-14";"16.6765";"16.737";"16.6461";"16.6937";"+0.10"
"2024-03-15";"16.6929";"16.748";"16.664";"16.7144";"+0.12"
"2024-03-18";"16.7052";"16.8689";"16.6832";"16.8331";"+0.71"
"2024-03-19";"16.833";"16.9473";"16.8145";"16.8178";"-0.09"
"2024-03-20";"16.8179";"16.862";"16.6715";"16.681";"-0.81"
"2024-03-21";"16.6809";"16.794";"16.6688";"16.7341";"+0.32"
"2024-03-22";"16.7341";"16.8335";"16.6945";"16.7666";"+0.19"
"2024-03-25";"16.7653";"16.7704";"16.6679";"16.6874";"-0.47"
"2024-03-26";"16.6874";"16.7205";"16.6517";"16.6587";"-0.17"
"2024-03-27";"16.6587";"16.684";"16.5115";"16.5647";"-0.56"
"2024-03-28";"16.5647";"16.636";"16.5325";"16.624";"+0.36"
"2024-03-29";"16.6238";"16.6406";"16.5422";"16.5645";"-0.36"
"2024-04-01";"16.5817";"16.6739";"16.5331";"16.6315";"+0.40"
"2024-04-02";"16.6315";"16.6546";"16.5494";"16.5605";"-0.43"
"2024-04-03";"16.5602";"16.624";"16.5211";"16.5436";"-0.10"
"2024-04-04";"16.544";"16.6175";"16.4949";"16.6049";"+0.37"
"2024-04-05";"16.605";"16.6145";"16.4405";"16.4547";"-0.90"
"2024-04-08";"16.4676";"16.4941";"16.313";"16.3183";"-0.83"
"2024-04-09";"16.3305";"16.4254";"16.2608";"16.3876";"+0.42"
"2024-04-10";"16.3878";"16.5235";"16.3043";"16.4412";"+0.33"
"2024-04-11";"16.43";"16.4955";"16.3755";"16.4403";"-0.01"
"2024-04-12";"16.4396";"16.7525";"16.4255";"16.6411";"+1.22"
"2024-04-15";"16.6182";"16.7495";"16.5412";"16.7189";"+0.47"
"2024-04-16";"16.7162";"17.093";"16.7041";"17.0742";"+2.13"
"2024-04-17";"17.082";"17.095";"16.8615";"16.9627";"-0.65"
"2024-04-18";"16.9785";"17.1705";"16.9207";"17.0681";"+0.62"
"2024-04-19";"17.0505";"18.175";"17.041";"17.1";"+0.19"
"2024-04-22";"17.1014";"17.2475";"17.0119";"17.1357";"+0.21"
"2024-04-23";"17.141";"17.1565";"16.9496";"16.96";"-1.03"
"2024-04-24";"16.9605";"17.1505";"16.91";"17.0723";"+0.66"
"2024-04-25";"17.0745";"17.3892";"17.0151";"17.2036";"+0.77"
"2024-04-26";"17.2025";"17.285";"17.1148";"17.1619";"-0.24"
"2024-04-29";"17.1628";"17.2499";"16.9911";"17.0061";"-0.91"
"2024-04-30";"17.0125";"17.1455";"16.9594";"17.1378";"+0.77"
"2024-05-01";"17.143";"17.167";"16.9124";"16.9946";"-0.84"
"2024-05-02";"16.994";"17.021";"16.9003";"16.9855";"-0.05"
"2024-05-03";"16.998";"17.044";"16.8263";"16.9736";"-0.07"
"2024-05-06";"16.9755";"16.9864";"16.8533";"16.8809";"-0.55"
"2024-05-07";"16.9005";"16.9425";"16.8347";"16.899";"+0.11"
"2024-05-08";"16.899";"16.9845";"16.8766";"16.9004";"+0.01"
"2024-05-09";"16.909";"16.972";"16.7739";"16.776";"-0.74"
"2024-05-10";"16.78";"16.8215";"16.721";"16.7795";"+0.02"
"2024-05-13";"16.7846";"16.8265";"16.7324";"16.8046";"+0.15"
"2024-05-14";"16.8044";"16.888";"16.7715";"16.8517";"+0.28"
"2024-05-15";"16.853";"16.908";"16.6504";"16.6854";"-0.99"
"2024-05-16";"16.7";"16.749";"16.6621";"16.6897";"+0.03"
"2024-05-17";"16.681";"16.7255";"16.6";"16.6094";"-0.48"
"2024-05-20";"16.6045";"16.651";"16.5491";"16.5588";"-0.30"
"2024-05-21";"16.56";"16.676";"16.528";"16.6413";"+0.50"
"2024-05-22";"16.632";"16.7015";"16.5926";"16.659";"+0.11"
"2024-05-23";"16.6593";"16.7635";"16.6219";"16.7196";"+0.36"
"2024-05-24";"16.7206";"16.7625";"16.674";"16.6936";"-0.16"
"2024-05-27";"16.6852";"16.7099";"16.642";"16.673";"-0.12"
"2024-05-28";"16.6705";"16.831";"16.6337";"16.7976";"+0.75"
"2024-05-29";"16.7975";"16.9995";"16.743";"16.969";"+1.02"
"2024-05-30";"16.969";"17.1395";"16.9076";"17.0221";"+0.31"
"2024-05-31";"17.029";"17.0805";"16.919";"17.0076";"-0.09"
"2024-06-03";"16.9748";"17.7545";"16.9179";"17.7016";"+4.08"
"2024-06-04";"17.6915";"18.1953";"17.5438";"17.8592";"+0.89"
"2024-06-05";"17.8625";"17.867";"17.4824";"17.53";"-1.84"
"2024-06-06";"17.529";"18.0123";"17.4459";"17.9855";"+2.60"
"2024-06-07";"17.9925";"18.461";"17.8051";"18.39";"+2.25"
"2024-06-10";"18.2879";"18.659";"18.2099";"18.2435";"-0.80"
"2024-06-11";"18.2435";"18.6039";"18.2096";"18.5856";"+1.88"
"2024-06-12";"18.5857";"18.9975";"18.5112";"18.7379";"+0.82"
"2024-06-13";"18.7495";"18.8417";"18.3623";"18.3835";"-1.89"
"2024-06-14";"18.4044";"18.683";"18.3607";"18.4614";"+0.42"
"2024-06-17";"18.4806";"18.6365";"18.4321";"18.5365";"+0.41"
"2024-06-18";"18.5315";"18.5589";"18.2925";"18.4093";"-0.69"
"2024-06-19";"18.41";"18.478";"18.3621";"18.4225";"+0.07"
"2024-06-20";"18.4225";"18.4655";"18.2556";"18.3707";"-0.28"
"2024-06-21";"18.371";"18.389";"18.0938";"18.116";"-1.39"
"2024-06-24";"18.118";"18.1515";"17.8743";"17.9512";"-0.91"
"2024-06-25";"17.9715";"18.1994";"17.892";"18.1014";"+0.84"
"2024-06-26";"18.0995";"18.3916";"18.0671";"18.3363";"+1.30"
"2024-06-27";"18.346";"18.4665";"18.2805";"18.4447";"+0.59"
"2024-06-28";"18.4435";"18.5994";"18.2073";"18.3297";"-0.62"
"2024-07-01";"18.3143";"18.452";"18.265";"18.3755";"+0.25"
"2024-07-02";"18.363";"18.4965";"18.214";"18.26";"-0.63"
"2024-07-03";"18.2605";"18.306";"18.1095";"18.1622";"-0.54"
"2024-07-04";"18.181";"18.1983";"18.0573";"18.0932";"-0.38"
"2024-07-05";"18.0932";"18.1928";"18.0014";"18.1018";"+0.05"
"2024-07-08";"18.1025";"18.106";"17.963";"18.0112";"-0.50"
"2024-07-09";"18.013";"18.059";"17.8999";"17.9189";"-0.51"
"2024-07-10";"17.93";"17.93";"17.7661";"17.8375";"-0.45"
"2024-07-11";"17.8363";"17.892";"17.7021";"17.7743";"-0.35"
"2024-07-12";"17.7815";"17.81";"17.6065";"17.6205";"-0.87"
"2024-07-15";"17.6857";"17.8597";"17.6793";"17.741";"+0.68"
"2024-07-16";"17.741";"17.8125";"17.6394";"17.6695";"-0.40"
"2024-07-17";"17.676";"17.8135";"17.6481";"17.7017";"+0.18"
"2024-07-18";"17.7195";"18.0738";"17.6861";"17.9657";"+1.49"
"2024-07-19";"17.9665";"18.1089";"17.8227";"18.059";"+0.52"
"2024-07-22";"17.9753";"18.1133";"17.8878";"17.9442";"-0.64"
"2024-07-23";"17.9435";"18.1927";"17.9297";"18.1474";"+1.13"
"2024-07-24";"18.1505";"18.432";"18.1495";"18.3705";"+1.23"
"2024-07-25";"18.3825";"18.5887";"18.319";"18.4507";"+0.44"
"2024-07-26";"18.46";"18.5085";"18.3026";"18.466";"+0.08"
"2024-07-29";"18.4468";"18.73";"18.4158";"18.6324";"+0.90"
"2024-07-30";"18.6355";"18.8225";"18.5752";"18.769";"+0.73"
"2024-07-31";"18.764";"18.9445";"18.5122";"18.6195";"-0.80"
"2024-08-01";"18.6073";"18.873";"18.429";"18.861";"+1.30"
"2024-08-02";"18.864";"19.2221";"18.8508";"19.1892";"+1.74"
"2024-08-05";"19.2954";"20.2422";"19.2032";"19.3597";"+0.89"
"2024-08-06";"19.3415";"19.614";"19.1388";"19.585";"+1.16"
"2024-08-07";"19.585";"19.6024";"19.1174";"19.2865";"-1.52"
"2024-08-08";"19.2835";"19.3779";"18.8591";"18.8731";"-2.14"
"2024-08-09";"18.875";"18.922";"18.7745";"18.836";"-0.20"
"2024-08-12";"18.8239";"19.106";"18.7901";"19.0755";"+1.27"
"2024-08-13";"19.079";"19.102";"18.9095";"19.0135";"-0.33"
"2024-08-14";"19.0185";"19.04";"18.7739";"18.7995";"-1.13"
"2024-08-15";"18.7995";"18.8408";"18.632";"18.6567";"-0.76"
"2024-08-16";"18.6425";"18.7465";"18.5984";"18.6425";"-0.08"
"2024-08-19";"18.6201";"18.8398";"18.6119";"18.6745";"+0.17"
"2024-08-20";"18.6725";"19.035";"18.6562";"18.995";"+1.72"
"2024-08-21";"18.9885";"19.4074";"18.9301";"19.2805";"+1.50"
"2024-08-22";"19.2855";"19.5358";"19.2713";"19.5225";"+1.26"
"2024-08-23";"19.543";"19.543";"19.0213";"19.108";"-2.12"
"2024-08-26";"19.1964";"19.4461";"19.1532";"19.4023";"+1.54"
"2024-08-27";"19.407";"19.7931";"19.3507";"19.762";"+1.85"
"2024-08-28";"19.7675";"19.7972";"19.4244";"19.6471";"-0.58"
"2024-08-29";"19.6465";"19.962";"19.5683";"19.8495";"+1.03"
"2024-08-30";"19.849";"19.8765";"19.6219";"19.7265";"-0.62"
"2024-09-02";"19.7292";"19.8306";"19.6219";"19.825";"+0.50"
"2024-09-03";"19.825";"19.985";"19.7287";"19.7945";"-0.15"
"2024-09-04";"19.7946";"19.9595";"19.6756";"19.9375";"+0.72"
"2024-09-05";"19.9425";"20.153";"19.8623";"19.874";"-0.32"
"2024-09-06";"19.8784";"20.0998";"19.7602";"19.9805";"+0.54"
"2024-09-09";"19.9806";"20.014";"19.8083";"19.886";"-0.47"
"2024-09-10";"19.8862";"20.1352";"19.8751";"20.1077";"+1.11"
"2024-09-11";"20.1077";"20.153";"19.7454";"19.8096";"-1.48"
"2024-09-12";"19.8286";"19.8477";"19.4618";"19.5345";"-1.39"
"2024-09-13";"19.5345";"19.5715";"19.1954";"19.211";"-1.66"
"2024-09-16";"19.1672";"19.3884";"19.1592";"19.22";"+0.05"
"2024-09-17";"19.22";"19.4095";"19.0917";"19.1125";"-0.56"
"2024-09-18";"19.112";"19.3885";"19.0652";"19.2845";"+0.90"
"2024-09-19";"19.295";"19.4029";"19.141";"19.315";"+0.16"
"2024-09-20";"19.32";"19.493";"19.2614";"19.4145";"+0.52"
"2024-09-23";"19.3978";"19.5031";"19.3017";"19.4226";"+0.04"
"2024-09-24";"19.4275";"19.4539";"19.2358";"19.3225";"-0.52"
"2024-09-25";"19.3205";"19.6875";"19.3125";"19.641";"+1.65"
"2024-09-26";"19.641";"19.754";"19.4674";"19.63";"-0.06"
"2024-09-27";"19.6305";"19.7591";"19.5297";"19.7065";"+0.39"
"2024-09-30";"19.6936";"19.7411";"19.5515";"19.7085";"+0.01"
"2024-10-01";"19.7155";"19.8316";"19.5915";"19.6164";"-0.47"
"2024-10-02";"19.61";"19.668";"19.3394";"19.4175";"-1.01"
"2024-10-03";"19.4146";"19.577";"19.2919";"19.363";"-0.28"
"2024-10-04";"19.365";"19.396";"19.1116";"19.2854";"-0.40"
"2024-10-07";"19.2925";"19.431";"19.1936";"19.3048";"+0.10"
"2024-10-08";"19.3045";"19.4511";"19.2236";"19.3424";"+0.19"
"2024-10-09";"19.3423";"19.4976";"19.3186";"19.4879";"+0.75"
"2024-10-10";"19.4873";"19.621";"19.4177";"19.496";"+0.04"
"2024-10-11";"19.4956";"19.5";"19.2589";"19.277";"-1.12"
"2024-10-14";"19.3026";"19.3979";"19.2416";"19.3935";"+0.60"
"2024-10-15";"19.3933";"19.7593";"19.362";"19.702";"+1.59"
"2024-10-16";"19.7047";"19.961";"19.6765";"19.9408";"+1.21"
"2024-10-17";"19.9404";"20.031";"19.8362";"19.879";"-0.31"
"2024-10-18";"19.8788";"19.912";"19.6505";"19.88";"+0.01"
"2024-10-21";"19.862";"20.0746";"19.854";"19.9892";"+0.55"
"2024-10-22";"19.9905";"20.0065";"19.7687";"19.9435";"-0.23"
"2024-10-23";"19.9451";"20.0995";"19.816";"19.8269";"-0.58"
"2024-10-24";"19.8257";"19.899";"19.7542";"19.8556";"+0.14"
"2024-10-25";"19.8511";"20.02";"19.7722";"19.9865";"+0.66"
"2024-10-28";"19.9794";"20.0946";"19.9383";"20.0309";"+0.22"
"2024-10-29";"20.0309";"20.0985";"19.9622";"20.0864";"+0.28"
"2024-10-30";"20.0859";"20.229";"20.0059";"20.1728";"+0.43"
"2024-10-31";"20.1733";"20.189";"19.9851";"20.0149";"-0.78"
"2024-11-01";"20.0153";"20.301";"19.9207";"20.2893";"+1.37"
"2024-11-04";"20.1534";"20.1714";"19.9561";"20.1343";"-0.76"
"2024-11-05";"20.1348";"20.3571";"20.0586";"20.0951";"-0.19"
"2024-11-06";"20.0953";"20.8088";"20.0035";"20.1656";"+0.35"
"2024-11-07";"20.1656";"20.212";"19.7617";"19.8708";"-1.46"
"2024-11-08";"19.8696";"20.2766";"19.774";"20.1758";"+1.53"
"2024-11-11";"20.1578";"20.5786";"20.1255";"20.4265";"+1.24"
"2024-11-12";"20.4248";"20.7005";"20.3285";"20.6826";"+1.25"
"2024-11-13";"20.6808";"20.6821";"20.4331";"20.5061";"-0.85"
"2024-11-14";"20.5061";"20.6795";"20.3817";"20.4273";"-0.38"
"2024-11-15";"20.4293";"20.536";"20.319";"20.3525";"-0.37"
"2024-11-18";"20.3563";"20.446";"20.2029";"20.2133";"-0.68"
"2024-11-19";"20.2133";"20.3433";"20.0638";"20.1132";"-0.50"
"2024-11-20";"20.1143";"20.334";"20.0885";"20.3169";"+1.01"
"2024-11-21";"20.3165";"20.4665";"20.2619";"20.4455";"+0.63"
"2024-11-22";"20.4457";"20.5545";"20.3747";"20.435";"-0.05"
"2024-11-25";"20.3805";"20.4454";"20.2306";"20.2754";"-0.78"
"2024-11-26";"20.2753";"20.8329";"20.2717";"20.6895";"+2.04"
"2024-11-27";"20.6891";"20.7855";"20.5286";"20.6225";"-0.32"
"2024-11-28";"20.6223";"20.63";"20.2031";"20.4293";"-0.94"
"2024-11-29";"20.4293";"20.4755";"20.2495";"20.375";"-0.27"
"2024-12-02";"20.375";"20.6022";"20.3657";"20.3961";"+0.10"
"2024-12-03";"20.3965";"20.4447";"20.2873";"20.3413";"-0.27"
"2024-12-04";"20.3413";"20.387";"20.2565";"20.2968";"-0.22"
"2024-12-05";"20.2961";"20.3185";"20.1621";"20.202";"-0.47"
"2024-12-06";"20.2043";"20.2855";"20.1016";"20.1908";"-0.06"
"2024-12-09";"20.185";"20.2224";"20.1106";"20.1968";"+0.03"
"2024-12-10";"20.1968";"20.3305";"20.1459";"20.1674";"-0.15"
"2024-12-11";"20.1683";"20.26";"20.1016";"20.1154";"-0.26"
"2024-12-12";"20.115";"20.226";"20.099";"20.2141";"+0.49"
"2024-12-13";"20.2146";"20.2647";"20.1099";"20.1262";"-0.43"
"2024-12-16";"20.1375";"20.211";"20.1014";"20.125";"-0.01"
"2024-12-17";"20.1197";"20.29";"20.1011";"20.224";"+0.49"
"2024-12-18";"20.221";"20.3794";"20.0718";"20.3615";"+0.68"
"2024-12-19";"20.3614";"20.5115";"20.2955";"20.3004";"-0.30"
"2024-12-20";"20.3012";"20.375";"20.0217";"20.075";"-1.11"
"2024-12-23";"20.08";"20.2635";"20.0549";"20.2248";"+0.75"
"2024-12-24";"20.2247";"20.2425";"20.1236";"20.1542";"-0.35"
"2024-12-25";"20.1645";"20.1695";"20.1635";"20.1645";"+0.05"
"2024-12-26";"20.1645";"20.233";"20.1318";"20.1985";"+0.17"
"2024-12-27";"20.1988";"20.4065";"20.1957";"20.326";"+0.63"
"2024-12-30";"20.325";"20.6583";"20.311";"20.6544";"+1.62"
"2024-12-31";"20.6547";"20.772";"20.6336";"20.7286";"+0.36"
"2025-01-01";"20.841";"20.841";"20.841";"20.841";"+0.54"
"2025-01-02";"20.825";"20.8658";"20.5765";"20.6071";"-1.12"
"2025-01-03";"20.6075";"20.7036";"20.5215";"20.6317";"+0.12"
"2025-01-06";"20.6257";"20.6669";"20.2437";"20.3147";"-1.54"
"2025-01-07";"20.3143";"20.3969";"20.2634";"20.2936";"-0.10"
"2025-01-08";"20.2935";"20.5301";"20.2916";"20.4188";"+0.62"
"2025-01-09";"20.4177";"20.5241";"20.3905";"20.4963";"+0.38"
"2025-01-10";"20.4956";"20.7499";"20.4807";"20.718";"+1.08"
"2025-01-13";"20.7137";"20.8682";"20.6797";"20.7122";"-0.03"
"2025-01-14";"20.712";"20.7304";"20.4532";"20.5326";"-0.87"
"2025-01-15";"20.5324";"20.5634";"20.3729";"20.4806";"-0.25"
"2025-01-16";"20.4808";"20.8404";"20.456";"20.8214";"+1.66"
"2025-01-17";"20.8215";"20.9393";"20.6769";"20.7835";"-0.18"
"2025-01-20";"20.7723";"20.8869";"20.4404";"20.5181";"-1.28"
"2025-01-21";"20.5184";"20.8022";"20.4645";"20.6465";"+0.63"
"2025-01-22";"20.6459";"20.6778";"20.4643";"20.4819";"-0.80"
"2025-01-23";"20.4821";"20.5643";"20.2766";"20.3285";"-0.75"
"2025-01-24";"20.3295";"20.3999";"20.1353";"20.2704";"-0.29"
"2025-01-27";"20.3903";"20.7509";"20.356";"20.7263";"+2.25"
"2025-01-28";"20.7259";"20.7831";"20.5223";"20.541";"-0.89"
"2025-01-29";"20.5412";"20.666";"20.4694";"20.5422";"+0.01"
"2025-01-30";"20.5428";"20.5653";"20.4016";"20.4278";"-0.56"
"2025-01-31";"20.4276";"20.7623";"20.4235";"20.6716";"+1.19"
"2025-02-03";"21.1955";"21.2924";"20.3967";"20.4273";"-1.18"
"2025-02-04";"20.4275";"20.6015";"20.308";"20.5471";"+0.59"
"2025-02-05";"20.5485";"20.7146";"20.466";"20.5536";"+0.03"
"2025-02-06";"20.554";"20.6547";"20.4164";"20.4618";"-0.45"
"2025-02-07";"20.4622";"20.6236";"20.4301";"20.5599";"+0.48"
"2025-02-10";"20.614";"20.7011";"20.5517";"20.5975";"+0.18"
"2025-02-11";"20.597";"20.6594";"20.5026";"20.5418";"-0.27"
"2025-02-12";"20.5422";"20.6311";"20.4372";"20.5132";"-0.14"
"2025-02-13";"20.5138";"20.6489";"20.4576";"20.4802";"-0.16"
"2025-02-14";"20.48";"20.4859";"20.2612";"20.3122";"-0.82"
"2025-02-17";"20.33";"20.4291";"20.265";"20.2965";"-0.08"
"2025-02-18";"20.2972";"20.3357";"20.2085";"20.2764";"-0.10"
"2025-02-19";"20.2762";"20.4793";"20.201";"20.4463";"+0.84"
"2025-02-20";"20.4461";"20.4748";"20.2937";"20.3161";"-0.64"
"2025-02-21";"20.316";"20.4368";"20.2918";"20.4175";"+0.50"
"2025-02-24";"20.3831";"20.5252";"20.3477";"20.4282";"+0.05"
"2025-02-25";"20.4284";"20.5461";"20.3927";"20.4509";"+0.11"
"2025-02-26";"20.4509";"20.5479";"20.2865";"20.4296";"-0.10"
"2025-02-27";"20.4299";"20.5487";"20.3584";"20.4734";"+0.21"
"2025-02-28";"20.4739";"20.6422";"20.3751";"20.5528";"+0.39"
"2025-03-03";"20.5503";"20.7184";"20.3749";"20.7173";"+0.80"
"2025-03-04";"20.7195";"20.9999";"20.6294";"20.7415";"+0.12"
"2025-03-05";"20.7422";"20.7422";"20.3458";"20.3644";"-1.82"
"2025-03-06";"20.3646";"20.5039";"20.2135";"20.2674";"-0.48"
"2025-03-07";"20.268";"20.3355";"20.2288";"20.2556";"-0.06"
"2025-03-10";"20.2562";"20.3964";"20.1814";"20.3663";"+0.55"
"2025-03-11";"20.3668";"20.4039";"20.2465";"20.2567";"-0.54"
"2025-03-12";"20.2565";"20.3079";"20.1574";"20.1825";"-0.37"
"2025-03-13";"20.1837";"20.1989";"20.0596";"20.0975";"-0.42"
"2025-03-14";"20.0998";"20.1221";"19.8477";"19.928";"-0.84"
"2025-03-17";"19.9199";"19.971";"19.8667";"19.952";"+0.12"
"2025-03-18";"19.9515";"20.0964";"19.9155";"19.9414";"-0.05"
"2025-03-19";"19.9406";"20.0865";"19.9018";"20.0532";"+0.56"
"2025-03-20";"20.0549";"20.2702";"20.0262";"20.1529";"+0.50"
"2025-03-21";"20.1529";"20.2755";"20.1345";"20.2325";"+0.39"
"2025-03-24";"20.2411";"20.2455";"20.0531";"20.0561";"-0.87"
"2025-03-25";"20.0566";"20.1212";"19.9573";"20.0692";"+0.07"
"2025-03-26";"20.0695";"20.1686";"20.041";"20.1388";"+0.35"
"2025-03-27";"20.1356";"20.3693";"20.1045";"20.3043";"+0.82"
"2025-03-28";"20.3044";"20.457";"20.2689";"20.3713";"+0.33"
"2025-03-31";"20.4085";"20.4739";"20.3321";"20.469";"+0.48"
"2025-04-01";"20.4667";"20.5421";"20.3199";"20.3312";"-0.67"
"2025-04-02";"20.3314";"20.5138";"20.3167";"20.4534";"+0.60"
"2025-04-03";"20.453";"20.4793";"19.843";"19.9333";"-2.54"
"2025-04-04";"19.934";"20.5575";"19.9056";"20.4222";"+2.45"
"2025-04-07";"20.6016";"20.8098";"20.4814";"20.6898";"+1.31"
"2025-04-08";"20.6913";"20.9104";"20.4703";"20.8484";"+0.77"
"2025-04-09";"20.8475";"21.0809";"20.1721";"20.2755";"-2.75"
"2025-04-10";"20.261";"20.5746";"20.1847";"20.4844";"+1.03"
"2025-04-11";"20.4518";"20.6259";"20.2514";"20.313";"-0.84"
"2025-04-14";"20.26";"20.2949";"20.016";"20.07";"-1.20"
"2025-04-15";"20.072";"20.146";"19.919";"20.091";"+0.10"
"2025-04-16";"20.091";"20.1334";"19.894";"19.918";"-0.86"
"2025-04-17";"19.92";"20.007";"19.649";"19.675";"-1.22"
"2025-04-18";"19.675";"19.7312";"19.6444";"19.6444";"-0.16"
"2025-04-21";"19.7053";"19.7633";"19.577";"19.7288";"+0.43"
"2025-04-22";"19.7288";"19.7477";"19.5155";"19.61";"-0.60"
"2025-04-23";"19.6";"19.6742";"19.462";"19.615";"+0.03"
"2025-04-24";"19.625";"19.6415";"19.554";"19.579";"-0.18"
"2025-04-25";"19.58";"19.6865";"19.487";"19.498";"-0.41"
"2025-04-28";"19.519";"19.6058";"19.476";"19.58";"+0.42"
"2025-04-29";"19.565";"19.6506";"19.539";"19.548";"-0.16"
"2025-04-30";"19.547";"19.6529";"19.514";"19.608";"+0.31"
"2025-05-01";"19.603";"19.677";"19.585";"19.5959";"-0.06"
"2025-05-02";"19.5959";"19.6998";"19.541";"19.5697";"-0.13"
"2025-05-05";"19.596";"19.703";"19.541";"19.68";"+0.56"
"2025-05-06";"19.686";"19.782";"19.614";"19.661";"-0.10"
"2025-05-07";"19.663";"19.678";"19.5485";"19.5811";"-0.41"
"2025-05-08";"19.56";"19.622";"19.504";"19.53";"-0.26"
"2025-05-09";"19.5315";"19.546";"19.4285";"19.435";"-0.49"
"2025-05-12";"19.435";"19.666";"19.414";"19.63";"+1.00"
"2025-05-13";"19.632";"19.6385";"19.368";"19.407";"-1.14"
"2025-05-14";"19.413";"19.445";"19.295";"19.377";"-0.15"
"2025-05-15";"19.375";"19.519";"19.319";"19.4882";"+0.57"
"2025-05-16";"19.485";"19.565";"19.4275";"19.451";"-0.19"
"2025-05-19";"19.444";"19.4893";"19.2935";"19.304";"-0.76"
"2025-05-20";"19.301";"19.332";"19.2435";"19.2578";"-0.24"
"2025-05-21";"19.2795";"19.393";"19.2431";"19.3643";"+0.55"
"2025-05-22";"19.351";"19.459";"19.281";"19.3098";"-0.28"
"2025-05-23";"19.307";"19.377";"19.1944";"19.1944";"-0.60"
"2025-05-26";"19.2166";"19.249";"19.1765";"19.2435";"+0.26"
"2025-05-27";"19.2425";"19.2839";"19.1765";"19.2599";"+0.09"
"2025-05-28";"19.2606";"19.426";"19.25";"19.3806";"+0.63"
"2025-05-29";"19.38";"19.423";"19.285";"19.311";"-0.36"
"2025-05-30";"19.311";"19.4345";"19.251";"19.411";"+0.52"
"2025-06-02";"19.4316";"19.4357";"19.183";"19.209";"-1.04"
"2025-06-03";"19.2107";"19.2826";"19.183";"19.2394";"+0.16"
"2025-06-04";"19.2375";"19.251";"19.155";"19.196";"-0.23"
"2025-06-05";"19.1903";"19.225";"19.128";"19.151";"-0.23"
"2025-06-06";"19.1538";"19.221";"19.0444";"19.0444";"-0.56"
"2025-06-09";"19.0961";"19.1052";"19.019";"19.036";"-0.04"
"2025-06-10";"19.0378";"19.099";"19.016";"19.0535";"+0.09"
"2025-06-11";"19.051";"19.0705";"18.819";"18.902";"-0.80"
"2025-06-12";"18.9059";"18.9784";"18.8507";"18.865";"-0.20"
"2025-06-13";"18.867";"19.105";"18.853";"18.945";"+0.42"
"2025-06-16";"18.93";"18.9735";"18.816";"18.913";"-0.17"
"2025-06-17";"18.891";"19.053";"18.883";"19.0088";"+0.51"
"2025-06-18";"18.9932";"19.049";"18.937";"19.0021";"-0.04"
"2025-06-19";"18.9814";"19.117";"18.975";"19.02";"+0.09"
"2025-06-20";"19.026";"19.196";"19.0005";"19.156";"+0.72"
"2025-06-23";"19.2356";"19.2839";"19.105";"19.117";"-0.20"
"2025-06-24";"19.103";"19.1425";"18.941";"18.9845";"-0.69"
"2025-06-25";"18.984";"19.095";"18.891";"18.9228";"-0.33"
"2025-06-26";"18.919";"18.97";"18.837";"18.8783";"-0.24"
"2025-06-27";"18.8802";"18.923";"18.797";"18.811";"-0.36"
"2025-06-30";"18.8088";"18.897";"18.732";"18.741";"-0.37"
"2025-07-01";"18.7411";"18.825";"18.654";"18.731";"-0.05"
"2025-07-02";"18.723";"18.815";"18.7072";"18.788";"+0.30"
"2025-07-03";"18.789";"18.8388";"18.629";"18.6357";"-0.81"
"2025-07-04";"18.6353";"18.669";"18.582";"18.595";"-0.22"
"2025-07-07";"18.605";"18.7684";"18.5965";"18.659";"+0.34"
"2025-07-08";"18.659";"18.742";"18.57";"18.601";"-0.31"
"2025-07-09";"18.602";"18.654";"18.545";"18.626";"+0.13"
"2025-07-10";"18.628";"18.706";"18.588";"18.599";"-0.14"
"2025-07-11";"18.6009";"18.748";"18.58";"18.623";"+0.13"
"2025-07-14";"18.6683";"18.781";"18.646";"18.7335";"+0.59"
"2025-07-15";"18.7333";"18.886";"18.644";"18.8137";"+0.43"
"2025-07-16";"18.8116";"18.848";"18.67";"18.709";"-0.56"
"2025-07-17";"18.7103";"18.843";"18.682";"18.7694";"+0.32"
"2025-07-18";"18.769";"18.775";"18.682";"18.729";"-0.22"
"2025-07-21";"18.718";"18.7352";"18.617";"18.6617";"-0.36"
"2025-07-22";"18.6656";"18.701";"18.577";"18.64";"-0.12"
"2025-07-23";"18.6417";"18.687";"18.516";"18.519";"-0.65"
"2025-07-24";"18.537";"18.5887";"18.512";"18.538";"+0.10"
"2025-07-25";"18.5401";"18.594";"18.512";"18.519";"-0.10"
"2025-07-28";"18.5256";"18.773";"18.504";"18.762";"+1.31"
"2025-07-29";"18.7643";"18.837";"18.719";"18.744";"-0.10"
"2025-07-30";"18.7621";"18.878";"18.692";"18.871";"+0.68"
"2025-07-31";"18.8724";"18.906";"18.764";"18.8703";"0.00"
"2025-08-01";"18.867";"18.981";"18.744";"18.851";"-0.10"
"2025-08-04";"18.878";"18.953";"18.7575";"18.8939";"+0.23"
"2025-08-05";"18.8948";"18.948";"18.71";"18.734";"-0.85"
"2025-08-06";"18.7356";"18.763";"18.574";"18.5945";"-0.74"
"2025-08-07";"18.5981";"18.738";"18.565";"18.598";"+0.02"
"2025-08-08";"18.6";"18.637";"18.517";"18.565";"-0.18"
"2025-08-11";"18.576";"18.694";"18.5645";"18.6592";"+0.51"
"2025-08-12";"18.6628";"18.688";"18.531";"18.5819";"-0.41"
"2025-08-13";"18.591";"18.665";"18.5025";"18.6242";"+0.23"
"2025-08-14";"18.626";"18.854";"18.6043";"18.7758";"+0.81"
"2025-08-15";"18.7966";"18.816";"18.67";"18.726";"-0.27"
"2025-08-18";"18.7162";"18.868";"18.71";"18.77";"+0.23"
"2025-08-19";"18.775";"18.869";"18.7316";"18.809";"+0.21"
"2025-08-20";"18.809";"18.846";"18.717";"18.7556";"-0.28"
"2025-08-21";"18.7556";"18.813";"18.722";"18.7493";"-0.03"
"2025-08-22";"18.7465";"18.778";"18.56";"18.574";"-0.93"
"2025-08-25";"18.587";"18.695";"18.542";"18.6822";"+0.58"
"2025-08-26";"18.658";"18.703";"18.61";"18.6633";"-0.10"
"2025-08-27";"18.655";"18.799";"18.635";"18.654";"-0.05"
"2025-08-28";"18.653";"18.689";"18.593";"18.646";"-0.04"
"2025-08-29";"18.6413";"18.717";"18.61";"18.639";"-0.04"
"2025-09-01";"18.653";"18.6672";"18.595";"18.6366";"-0.01"
"2025-09-02";"18.6385";"18.864";"18.6";"18.7149";"+0.42"
"2025-09-03";"18.7144";"18.781";"18.6505";"18.696";"-0.10"
"2025-09-04";"18.6975";"18.801";"18.6788";"18.7308";"+0.19"
"2025-09-05";"18.7372";"18.753";"18.574";"18.697";"-0.18"
"2025-09-08";"18.7307";"18.7364";"18.614";"18.653";"-0.24"
"2025-09-09";"18.6548";"18.658";"18.577";"18.6226";"-0.16"
"2025-09-10";"18.623";"18.654";"18.559";"18.5895";"-0.18"
"2025-09-11";"18.57";"18.6608";"18.44";"18.441";"-0.80"
"2025-09-12";"18.441";"18.518";"18.404";"18.404";"-0.20"
"2025-09-15";"18.4455";"18.453";"18.32";"18.3615";"-0.23"
"2025-09-16";"18.3627";"18.3955";"18.2625";"18.2852";"-0.42"
"2025-09-17";"18.28";"18.353";"18.192";"18.291";"+0.03"
"2025-09-18";"18.297";"18.393";"18.213";"18.3459";"+0.30"
"2025-09-19";"18.3526";"18.468";"18.3225";"18.3225";"-0.13"
"2025-09-22";"18.407";"18.44";"18.334";"18.3515";"+0.16"
"2025-09-23";"18.3506";"18.388";"18.294";"18.3461";"-0.03"
"2025-09-24";"18.343";"18.457";"18.302";"18.4";"+0.29"
"2025-09-25";"18.409";"18.5632";"18.364";"18.466";"+0.36"
"2025-09-26";"18.4672";"18.513";"18.323";"18.341";"-0.68"
"2025-09-29";"18.3605";"18.375";"18.2875";"18.3601";"+0.10"
"2025-09-30";"18.3616";"18.382";"18.298";"18.306";"-0.29"
"2025-10-01";"18.3046";"18.394";"18.229";"18.368";"+0.34"
"2025-10-02";"18.3737";"18.517";"18.329";"18.4158";"+0.26"
"2025-10-03";"18.41";"18.436";"18.351";"18.379";"-0.20"
"2025-10-06";"18.417";"18.49";"18.325";"18.3458";"-0.18"
"2025-10-07";"18.3416";"18.416";"18.299";"18.3938";"+0.26"
"2025-10-08";"18.3941";"18.437";"18.3125";"18.316";"-0.42"
"2025-10-09";"18.3183";"18.414";"18.292";"18.3811";"+0.36"
"2025-10-10";"18.3776";"18.638";"18.356";"18.578";"+1.07"
"2025-10-13";"18.507";"18.543";"18.409";"18.4607";"-0.63"
"2025-10-14";"18.4647";"18.63";"18.4264";"18.5058";"+0.24"
"2025-10-15";"18.5058";"18.515";"18.428";"18.4704";"-0.19"
"2025-10-16";"18.4707";"18.478";"18.349";"18.4324";"-0.21"
"2025-10-17";"18.4328";"18.553";"18.355";"18.355";"-0.42"
"2025-10-20";"18.3733";"18.42";"18.344";"18.4092";"+0.30"
"2025-10-21";"18.4094";"18.488";"18.3597";"18.4371";"+0.15"
"2025-10-22";"18.4371";"18.472";"18.3605";"18.4462";"+0.05"
"2025-10-23";"18.4463";"18.459";"18.374";"18.3943";"-0.28"
"2025-10-24";"18.3927";"18.4632";"18.333";"18.44";"+0.25"
"2025-10-27";"18.408";"18.4472";"18.353";"18.396";"-0.24"
"2025-10-28";"18.3961";"18.466";"18.37";"18.4303";"+0.19"
"2025-10-29";"18.429";"18.5028";"18.3885";"18.467";"+0.20"
"2025-10-30";"18.4712";"18.606";"18.442";"18.545";"+0.42"
"2025-10-31";"18.5448";"18.597";"18.504";"18.545";"0.00"
"2025-11-03";"18.551";"18.5641";"18.458";"18.4855";"-0.32"
"2025-11-04";"18.4817";"18.669";"18.455";"18.6534";"+0.91"
"2025-11-05";"18.6529";"18.767";"18.5645";"18.5869";"-0.36"
"2025-11-06";"18.5839";"18.659";"18.5445";"18.5642";"-0.12"
"2025-11-07";"18.5646";"18.6025";"18.418";"18.441";"-0.66"
"2025-11-10";"18.4411";"18.4509";"18.359";"18.38";"-0.33"
"2025-11-11";"18.3806";"18.4";"18.305";"18.3094";"-0.38"
"2025-11-12";"18.3134";"18.331";"18.2685";"18.3098";"0.00"
"2025-11-13";"18.3097";"18.338";"18.245";"18.322";"+0.07"
"2025-11-14";"18.3218";"18.404";"18.279";"18.296";"-0.14"
"2025-11-17";"18.3039";"18.431";"18.2935";"18.422";"+0.69"
"2025-11-18";"18.4284";"18.493";"18.317";"18.3386";"-0.45"
"2025-11-19";"18.332";"18.372";"18.297";"18.3579";"+0.11"
"2025-11-20";"18.361";"18.42";"18.295";"18.377";"+0.10"
"2025-11-21";"18.3818";"18.534";"18.349";"18.449";"+0.39"
"2025-11-24";"18.4719";"18.531";"18.408";"18.5135";"+0.35"
"2025-11-25";"18.5135";"18.5323";"18.3729";"18.3806";"-0.72"
"2025-11-26";"18.3806";"18.4123";"18.3358";"18.3457";"-0.19"
"2025-11-27";"18.3456";"18.3621";"18.3318";"18.349";"+0.02"
"2025-11-28";"18.3492";"18.3801";"18.2915";"18.2958";"-0.29"
"2025-12-01";"18.3348";"18.3417";"18.2537";"18.3068";"+0.06"
"2025-12-02";"18.307";"18.3281";"18.2762";"18.2799";"-0.15"
"2025-12-03";"18.2801";"18.2897";"18.2498";"18.2832";"+0.02"
"2025-12-04";"18.2837";"18.3005";"18.22";"18.2349";"-0.26"
"2025-12-05";"18.2352";"18.2417";"18.1522";"18.1777";"-0.31"
"2025-12-08";"18.2031";"18.2705";"18.1579";"18.2535";"+0.42"
"2025-12-09";"18.2534";"18.3131";"18.1707";"18.192";"-0.34"
"2025-12-10";"18.192";"18.229";"18.1731";"18.1821";"-0.05"
"2025-12-11";"18.1826";"18.2228";"18.0118";"18.0326";"-0.82"
"2025-12-12";"18.0325";"18.08";"17.9911";"18.0143";"-0.10"
"2025-12-15";"18.0204";"18.0346";"17.9702";"17.982";"-0.18"
"2025-12-16";"17.9819";"17.9991";"17.931";"17.9536";"-0.16"
"2025-12-17";"17.9533";"18.051";"17.9444";"18.011";"+0.32"
"2025-12-18";"18.0107";"18.0245";"17.9635";"18.0045";"-0.04"
"2025-12-19";"18.0043";"18.0424";"17.9882";"18.0384";"+0.19"
"2025-12-22";"18.0151";"18.0349";"17.9563";"17.9812";"-0.32"
"2025-12-23";"17.9808";"17.9892";"17.9119";"17.9151";"-0.37"
"2025-12-24";"17.9146";"17.9213";"17.885";"17.9025";"-0.07"
"2025-12-25";"17.9351";"17.9416";"17.9256";"17.9332";"+0.17"
"2025-12-26";"17.9324";"17.9571";"17.8804";"17.906";"-0.15"
"2025-12-29";"17.9047";"17.9962";"17.889";"17.9694";"+0.35"
"2025-12-30";"17.9688";"18.0014";"17.9221";"17.9967";"+0.15"
"2025-12-31";"17.9965";"18.0136";"17.9566";"17.9665";"-0.17"
"2026-01-01";"18.0115";"18.0148";"17.9948";"18.0052";"+0.22"
"2026-01-02";"18.0041";"18.029";"17.8708";"17.906";"-0.55"
"2026-01-05";"17.9455";"18.0354";"17.8734";"17.9054";"0.00"
"2026-01-06";"17.9048";"17.9858";"17.875";"17.967";"+0.34"
"2026-01-07";"17.9683";"17.9953";"17.9411";"17.9821";"+0.08"
"2026-01-08";"17.9829";"18.0155";"17.9566";"17.9784";"+0.07"
"2026-01-09";"17.9852";"18.0444";"17.9537";"17.98";"-0.03"
"2026-01-12";"17.9567";"17.9567";"17.8928";"17.9073";"-0.40"
"2026-01-13";"17.9182";"17.9303";"17.8156";"17.8274";"-0.51"
"2026-01-14";"17.8143";"17.8336";"17.7886";"17.8019";"-0.25"
"2026-01-15";"17.8135";"17.8349";"17.6238";"17.6586";"-0.87"
"2026-01-16";"17.6509";"17.7328";"17.6145";"17.6255";"-0.15"
"2026-01-19";"17.6152";"17.6655";"17.5699";"17.5925";"-0.19"
"2026-01-20";"17.5799";"17.6579";"17.5672";"17.6074";"+0.15"
